pitcher_mlb_id,pitchername,year_played,num_pitches,x0,z0,arm_angle,arm_slot
425794,Adam Wainwright,2023,458.0,-0.9,6.2,28.645971591344235,Overhand
425844,Zack Greinke,2023,866.0,-1.275,6.09,35.74535662449633,Three-Quarters
434378,Justin Verlander,2023,457.0,-1.375,6.78,31.119092394094654,Three-Quarters
445276,Kenley Jansen,2023,290.0,-2.03,6.13,50.62857543672418,Three-Quarters
445926,Jesse Chavez,2023,391.0,-1.53,4.93,65.89088759984864,Sidearm
446372,Corey Kluber,2023,770.0,-1.7,5.02,70.90184963513906,Sidearm
448179,Rich Hill,2023,989.0,1.45,5.85,45.5625469005589,Three-Quarters
450203,Charlie Morton,2023,970.0,-2.32,5.36,69.42402408132894,Sidearm
453178,Ian Kennedy,2023,201.0,-1.17,5.24,48.492593160856025,Three-Quarters
453268,Daniel Bard,2023,259.0,-1.51,5.89,45.5552039383991,Three-Quarters
453286,Max Scherzer,2023,677.0,-2.9,5.28,72.58752819487285,Sidearm
455119,Chris Martin,2023,182.0,-2.72,5.89,65.86807164566923,Sidearm
456501,Johnny Cueto,2023,30.0,-2.2699999999999996,5.55,57.28209574321634,Three-Quarters
456713,Matt Bush,2023,155.0,-0.87,5.35,33.21695045529266,Three-Quarters
458681,Lance Lynn,2023,1107.0,-2.9,5.49,70.43440768091168,Sidearm
471911,Carlos Carrasco,2023,449.0,-1.34,5.66,47.438048539585765,Three-Quarters
472551,Fernando Abad,2023,69.0,0.12,6.1,4.664999868747033,Overhand
472610,Luis García,2023,354.0,-2.3,6.04,53.29570523111158,Three-Quarters
476595,Lucas Luetge,2023,236.0,0.9,6.18,27.07853559253143,Overhand
477132,Clayton Kershaw,2023,1007.0,1.33,6.01,40.447411990351526,Three-Quarters
488984,Tommy Hunter,2023,323.0,-1.59,6.01,44.43979745203575,Three-Quarters
489119,Wade Miley,2023,630.0,1.64,6.085,42.3787471041458,Three-Quarters
489446,Kirby Yates,2023,347.0,-2.31,5.28,62.76655534681777,Sidearm
493603,Adam Ottavino,2023,347.0,-2.57,5.31,72.17879568350587,Sidearm
502043,Kyle Gibson,2023,1007.0,-2.03,6.13,52.1250163489018,Three-Quarters
502085,David Robertson,2023,341.0,-2.57,5.645,59.6229803734288,Three-Quarters
502171,Alex Cobb,2023,1038.0,-1.83,5.64,55.10474313413272,Three-Quarters
502202,Brad Boxberger,2023,253.0,-1.45,5.46,46.279011726932005,Three-Quarters
502624,Chase Anderson,2023,288.0,-1.6,5.76,46.182080348069356,Three-Quarters
506433,Yu Darvish,2023,912.0,-2.02,5.44,65.08837097600062,Sidearm
506702,Sandy León,2023,18.0,-1.43,5.949999999999999,36.46965290066395,Three-Quarters
517008,Alex Colomé,2023,64.0,-1.0950000000000002,6.220000000000001,29.83735747511671,Overhand
518397,Scott Alexander,2023,262.0,1.58,5.59,50.96833219751695,Three-Quarters
518489,Ryan Brasier,2023,374.0,-1.44,5.52,47.125655363039385,Three-Quarters
518516,Madison Bumgarner,2023,350.0,2.6,5.56,66.02728937156566,Sidearm
518585,Fernando Cruz,2023,282.0,-1.45,5.82,44.56641859386331,Three-Quarters
518617,Jake Diekman,2023,323.0,3.53,5.42,73.98199427911766,Sidearm
518876,Merrill Kelly,2023,1034.0,-1.54,5.39,54.65842135206746,Three-Quarters
518886,Craig Kimbrel,2023,354.0,-2.63,4.6850000000000005,79.47324012940106,Sidearm
519043,Matt Moore,2023,371.0,1.04,6.13,30.465544919459877,Three-Quarters
519151,Ryan Pressly,2023,322.0,-0.21,5.92,7.587023638847576,Overhand
519242,Chris Sale,2023,898.0,2.89,5.27,75.96375653207355,Sidearm
519293,Will Smith,2023,294.0,1.19,6.33,32.359990878033116,Three-Quarters
521230,Liam Hendriks,2023,27.0,-1.55,5.85,43.152389734005396,Three-Quarters
523260,Joe Kelly,2023,241.0,-1.55,5.28,56.43167010318919,Three-Quarters
527048,Martín Pérez,2023,888.0,1.02,5.49,37.94215335011892,Three-Quarters
527054,Julio Teheran,2023,83.0,-2.62,4.85,78.38210065570861,Sidearm
541640,Erasmo Ramírez,2023,382.0,-2.03,5.23,63.23028021984801,Sidearm
542194,Christian Bethancourt,2023,10.0,-1.495,6.4399999999999995,33.31209876988176,Three-Quarters
542208,Carlos Pérez,2023,42.0,-2.0,6.404999999999999,40.83347530666412,Three-Quarters
542585,José Cisnero,2023,327.0,-1.32,5.25,55.90142957709459,Three-Quarters
542881,Tyler Anderson,2023,824.0,1.68,6.11,42.930624876121826,Three-Quarters
542914,Anthony Bass,2023,288.0,-1.19,5.7,40.93252067826168,Three-Quarters
542947,Richard Bleier,2023,304.0,2.81,5.75,63.97592183511398,Sidearm
543037,Gerrit Cole,2023,1195.0,-1.58,5.75,50.11835577760205,Three-Quarters
543056,Danny Coulombe,2023,333.0,-0.525,5.92,15.668855893461057,Overhand
543101,Anthony DeSclafani,2023,978.0,-1.81,5.44,58.83132044483866,Three-Quarters
543135,Nathan Eovaldi,2023,1074.0,-2.27,5.39,64.61976808280035,Sidearm
543243,Sonny Gray,2023,1017.0,-0.92,5.45,33.65916365653166,Three-Quarters
543272,Brad Hand,2023,353.0,2.135,6.08,51.17383502709751,Three-Quarters
543281,Josh Harrison,2023,44.0,-1.685,6.3149999999999995,36.08032618960621,Three-Quarters
543294,Kyle Hendricks,2023,86.0,-2.3,5.99,54.203519977172846,Three-Quarters
543351,Jay Jackson,2023,53.0,-2.13,5.5,60.077628996023535,Sidearm
543475,Jordan Lyles,2023,1027.0,-1.47,5.9,46.076992097667016,Three-Quarters
543507,Trevor May,2023,237.0,-1.0750000000000002,5.64,43.67812877556243,Three-Quarters
543518,Scott McGough,2023,444.0,-1.53,5.83,42.48305503927747,Three-Quarters
543521,Collin McHugh,2023,370.0,-2.15,5.32,64.89379269136344,Sidearm
543548,Tommy Milone,2023,82.0,2.84,5.85,59.70755258874209,Three-Quarters
543594,Sean Nolin,2023,63.0,1.2349999999999999,5.77,40.74465448155364,Three-Quarters
543859,Michael Tonkin,2023,385.0,-3.27,5.27,78.6609212371554,Sidearm
543901,Ryan Weber,2023,137.0,-1.76,5.05,66.11097967148638,Sidearm
544727,Jeurys Familia,2023,256.0,-1.51,5.94,43.978616805162346,Three-Quarters
547179,Michael Lorenzen,2023,721.0,-1.63,5.56,54.20259697202166,Three-Quarters
547973,Aroldis Chapman,2023,358.0,0.62,5.86,23.521748400328352,Overhand
548384,Brooks Raley,2023,292.0,2.55,5.51,65.83086427324375,Sidearm
548389,Ross Stripling,2023,584.0,-0.91,6.69,21.401166052649753,Overhand
554340,Yimi García,2023,436.0,-2.36,5.04,73.01558945752221,Sidearm
554430,Zack Wheeler,2023,1111.0,-1.81,5.43,61.17215901578255,Sidearm
570257,Joely Rodríguez,2023,77.0,3.5,5.38,72.05979110494249,Sidearm
570632,José Ureña,2023,363.0,-1.63,5.67,49.73276399284615,Three-Quarters
570666,Luis Cessa,2023,465.0,-0.74,5.99,22.693794945092357,Overhand
571466,Tucker Barnhart,2023,11.0,-1.03,7.53,16.95225943870884,Overhand
571479,Andrew Bellatti,2023,266.0,-1.59,5.4,54.57690713656156,Three-Quarters
571510,Matthew Boyd,2023,828.0,1.95,5.31,63.91713411464761,Sidearm
571539,Matt Carasiti,2023,123.0,-1.14,5.77,37.91751948553549,Three-Quarters
571578,Patrick Corbin,2023,1000.0,2.07,6.2,49.767987877436575,Three-Quarters
571656,Buck Farmer,2023,395.0,-1.17,5.74,42.37490406610398,Three-Quarters
571670,Dylan Floro,2023,361.0,-3.2,5.93,63.16451096774365,Sidearm
571710,Mychal Givens,2023,79.0,-2.175,4.655,78.82837882927353,Sidearm
571760,Andrew Heaney,2023,918.0,2.5,4.95,75.88888459884933,Sidearm
571875,Jake Lamb,2023,8.0,-1.33,6.455,33.351652494736896,Three-Quarters
571882,Derek Law,2023,355.0,-1.105,6.27,30.43793849729068,Three-Quarters
571901,Aaron Loup,2023,241.0,3.8049999999999997,4.455,85.14404563600786,Sidearm
571912,Luke Maile,2023,29.0,-1.5,6.45,35.732163737178894,Three-Quarters
571927,Steven Matz,2023,994.0,1.62,5.52,53.76069081761015,Three-Quarters
571945,Miles Mikolas,2023,1050.0,-1.76,6.42,41.1408336029962,Three-Quarters
571946,Shelby Miller,2023,412.0,-1.43,5.22,59.606737354447,Three-Quarters
571948,Hoby Milner,2023,342.0,4.02,4.32,90.83489104872413,Submarine
572008,Chris Owings,2023,9.0,-0.59,7.28,10.39364467023093,Overhand
572020,James Paxton,2023,254.0,1.86,5.91,51.12418606046247,Three-Quarters
572193,Ryan Tepera,2023,195.0,-1.86,5.5649999999999995,55.02518991546225,Three-Quarters
572403,Drew VerHagen,2023,467.0,-1.145,6.29,33.65430238880999,Three-Quarters
572955,Pierce Johnson,2023,396.0,-1.81,5.92,48.23811998861478,Three-Quarters
573009,Joe Mantiply,2023,111.0,2.77,5.18,75.0933504483513,Sidearm
573124,Taylor Rogers,2023,301.0,1.59,5.6,52.38789660384363,Three-Quarters
573186,Marcus Stroman,2023,1093.0,-0.83,5.21,32.364655077236705,Three-Quarters
573204,Caleb Thielbar,2023,163.0,0.37,5.91,12.019002454544594,Overhand
579328,Yusei Kikuchi,2023,879.0,2.01,5.38,59.481769321124766,Three-Quarters
592094,Jason Adam,2023,391.0,-1.38,5.72,46.20037700478578,Three-Quarters
592222,Alex Claudio,2023,4.0,2.1500000000000004,4.734999999999999,78.99701568736224,Sidearm
592229,Dylan Covey,2023,184.0,-1.33,6.14,34.98708420206617,Three-Quarters
592254,José De León,2023,126.0,-2.04,4.81,73.5286021556146,Sidearm
592332,Kevin Gausman,2023,1095.0,-2.24,5.69,58.560818848300585,Three-Quarters
592346,Chi Chi González,2023,50.0,-1.55,5.875,45.84123059446594,Three-Quarters
592351,Jon Gray,2023,876.0,-1.71,5.46,58.82548245176078,Three-Quarters
592390,Heath Hembree,2023,18.0,-1.0350000000000001,5.48,45.34273441063033,Three-Quarters
592662,Robbie Ray,2023,91.0,2.37,5.98,54.454468091623404,Three-Quarters
592741,Chasen Shreve,2023,317.0,1.72,5.47,58.639666992102526,Three-Quarters
592767,Drew Smyly,2023,948.0,1.75,6.29,41.56883589524804,Three-Quarters
592773,Ryne Stanek,2023,306.0,-0.56,6.22,17.468023251277707,Overhand
592779,Brock Stewart,2023,264.0,-2.165,5.39,64.69664014705582,Sidearm
592789,Noah Syndergaard,2023,723.0,-0.82,6.16,26.99870962418057,Overhand
592791,Jameson Taillon,2023,553.0,-1.2,5.94,39.70136146520967,Three-Quarters
592826,Vince Velasquez,2023,653.0,-1.8050000000000002,5.475,58.557157824308135,Three-Quarters
592836,Taijuan Walker,2023,907.0,-1.78,6.36,42.64944043315212,Three-Quarters
592848,Zack Weiss,2023,35.0,-2.18,5.55,61.598847364962005,Sidearm
592866,Trevor Williams,2023,953.0,-2.16,4.98,74.38500350721294,Sidearm
593334,Domingo Germán,2023,793.0,-1.29,5.43,48.71763767812433,Three-Quarters
593576,Hector Neris,2023,319.0,-1.44,5.88,43.00908276797112,Three-Quarters
593619,Domingo Tapia,2023,231.0,-1.52,5.57,51.318764753822386,Three-Quarters
593643,Hanser Alberto,2023,33.0,-1.6,6.1,38.970205153589106,Three-Quarters
593833,Wander Suero,2023,120.0,-3.08,5.63,68.7404296612506,Sidearm
593958,Eduardo Rodriguez,2023,1062.0,1.52,5.67,48.046843479436305,Three-Quarters
593974,Wandy Peralta,2023,369.0,0.515,5.735,18.269052138951487,Overhand
594577,Mike Mayers,2023,216.0,-1.8,5.45,57.960179510163066,Three-Quarters
594580,Sam Moll,2023,318.0,2.0,5.11,61.62676893665159,Sidearm
594798,Jacob deGrom,2023,451.0,-1.33,5.5,51.26132630430219,Three-Quarters
594835,Marco Gonzales,2023,811.0,2.02,5.38,61.39268155001369,Sidearm
594902,Ben Lively,2023,262.0,-1.295,5.18,59.58508282261543,Three-Quarters
594943,Zach Neal,2023,36.0,-2.335,5.265,69.24185568009366,Sidearm
595345,Steven Okert,2023,249.0,2.84,5.68,64.20397350550004,Sidearm
595411,Ryan Sherriff,2023,32.0,2.56,4.67,80.79392384620343,Sidearm
595897,Nick Burdi,2023,58.0,-2.285,5.8,57.76294590429863,Three-Quarters
595928,John Curtiss,2023,201.0,-2.25,5.93,57.542664003805946,Three-Quarters
596001,Jakob Junis,2023,491.0,-1.66,5.7,51.06517886501453,Three-Quarters
596082,Jake Reed,2023,29.0,-3.37,4.45,87.7450125344825,Sidearm
596112,Robert Stephenson,2023,226.0,-1.01,5.855,33.35169650354594,Three-Quarters
596133,Luke Weaver,2023,618.0,-0.94,5.63,36.48665306781136,Three-Quarters
596295,Austin Gomber,2023,871.0,1.31,6.45,34.06385731866279,Three-Quarters
598264,Matt Barnes,2023,378.0,-1.41,6.32,36.3168991045268,Three-Quarters
598286,Nick Ramirez,2023,146.0,2.8,5.79,64.59133003721718,Sidearm
600917,José Leclerc,2023,283.0,-1.3050000000000002,5.9,37.558145805052405,Three-Quarters
600921,Andrés Machado,2023,236.0,-1.7,5.34,57.53244253624255,Three-Quarters
601713,Nick Pivetta,2023,902.0,-1.07,6.43,28.528817572653807,Overhand
605130,Scott Barlow,2023,342.0,-1.69,5.14,65.01215626396701,Sidearm
605135,Chris Bassitt,2023,1063.0,-1.35,5.56,51.527889680893395,Three-Quarters
605154,John Brebbia,2023,397.0,-1.74,5.76,49.09176401117213,Three-Quarters
605155,Colten Brewer,2023,104.0,-2.0,5.97,51.88161788997477,Three-Quarters
605177,Andrew Chafin,2023,340.0,1.81,6.18,44.462531905118894,Three-Quarters
605182,Mike Clevinger,2023,831.0,-1.49,5.69,49.78846655031358,Three-Quarters
605200,Zach Davies,2023,244.0,-1.34,5.42,47.19323457637554,Three-Quarters
605218,Carl Edwards Jr.,2023,396.0,-1.89,6.27,45.07317464669437,Three-Quarters
605242,Michael Fulmer,2023,358.0,-2.0949999999999998,5.94,51.34062133638225,Three-Quarters
605280,Clay Holmes,2023,366.0,-0.71,6.39,20.176479212530616,Overhand
605288,Adrian Houser,2023,332.0,-1.23,5.78,41.70388402745369,Three-Quarters
605347,Jorge López,2023,350.0,-2.12,5.72,57.32546035104827,Three-Quarters
605397,Joe Musgrove,2023,526.0,-1.21,6.25,34.371012039129056,Three-Quarters
605400,Aaron Nola,2023,1042.0,-1.79,5.21,63.11241892070352,Sidearm
605446,Dereck Rodríguez,2023,38.0,-0.79,6.18,21.589337822450762,Overhand
605447,Jordan Romano,2023,358.0,-2.54,5.78,63.55397390127667,Sidearm
605483,Blake Snell,2023,966.0,1.88,6.45,42.63963963834382,Three-Quarters
605488,Jeffrey Springs,2023,211.0,2.05,5.81,55.828023203573174,Three-Quarters
605513,Spencer Turnbull,2023,556.0,-1.37,5.43,52.28230409320751,Three-Quarters
605540,Brandon Woodruff,2023,182.0,-1.19,5.69,43.066072086617034,Three-Quarters
605612,Harold Castro,2023,15.0,-1.71,5.72,42.82391349797834,Three-Quarters
606149,Giovanny Gallegos,2023,314.0,-1.66,6.51,37.16003535629576,Three-Quarters
606160,Rafael Montero,2023,370.0,-1.39,4.93,62.45418253685332,Sidearm
606303,Joel Payamps,2023,414.0,-2.3,5.67,59.45142300907134,Three-Quarters
606625,Reyes Moronta,2023,48.0,-1.085,5.285,42.57059373355989,Three-Quarters
606965,Chris Devenski,2023,214.0,0.14,6.31,5.1951107624945045,Overhand
607054,Jace Peterson,2023,31.0,-1.64,6.79,33.055822811553675,Three-Quarters
607067,Colin Rea,2023,693.0,-1.99,5.52,62.87479703666061,Sidearm
607179,Jordan Weems,2023,41.0,-0.89,5.94,29.82521181495287,Overhand
607192,Tyler Glasnow,2023,83.0,-1.6,5.9,52.706979079706024,Three-Quarters
607237,Amir Garrett,2023,408.0,2.17,5.77,59.47446338128972,Three-Quarters
607259,Nick Martinez,2023,701.0,-1.69,6.01,43.878532947043084,Three-Quarters
607359,Spencer Patton,2023,73.0,-1.73,4.97,67.40572685231815,Sidearm
607455,Anthony Banda,2023,161.0,1.71,5.7,50.85451048994784,Three-Quarters
607461,Matt Beaty,2023,22.0,-1.4849999999999999,7.324999999999999,26.06941031691834,Overhand
607481,Aaron Bummer,2023,346.0,2.09,5.17,68.97157891676164,Sidearm
607536,Kyle Freeland,2023,887.0,1.35,5.6,49.64831208519361,Three-Quarters
607625,Seth Lugo,2023,716.0,-0.87,5.68,35.6529873290508,Three-Quarters
607732,Jacob Stallings,2023,21.0,-1.87,6.5,42.6500878089535,Three-Quarters
607755,Andrew Vasquez,2023,394.0,2.83,5.89,64.6538240580533,Sidearm
607968,Drew Rucinski,2023,350.0,-2.5,5.525,64.23024333932428,Sidearm
608032,Carlos Estévez,2023,406.0,-1.56,5.61,55.561010691196365,Three-Quarters
608328,Chase De Jong,2023,173.0,-1.05,6.215,30.679736526028094,Three-Quarters
608331,Max Fried,2023,419.0,1.14,5.93,35.79434483689123,Three-Quarters
608337,Lucas Giolito,2023,1049.0,-1.21,6.15,36.92824363332663,Three-Quarters
608344,Cole Irvin,2023,276.0,1.27,6.05,38.507579248691684,Three-Quarters
608371,Lucas Sims,2023,303.0,-1.87,5.58,55.45389194867987,Three-Quarters
608379,Michael Wacha,2023,927.0,-1.38,6.45,35.933497260183806,Three-Quarters
608566,Germán Márquez,2023,304.0,-1.55,5.94,42.41731697438303,Three-Quarters
608638,JT Chargois,2023,146.0,-1.7,5.13,65.95091339123474,Sidearm
608665,Kendall Graveman,2023,310.0,-0.86,5.7,31.808212275539326,Three-Quarters
608678,Dominic Leone,2023,188.0,-1.96,5.615,52.51064260050748,Three-Quarters
608717,Chris Stratton,2023,485.0,-1.73,5.77,49.87184904717972,Three-Quarters
608718,Brent Suter,2023,496.0,3.02,6.18,59.74356283647074,Three-Quarters
608723,Austin Voth,2023,470.0,-2.45,5.57,62.82214367863456,Sidearm
611093,Silvino Bracho,2023,93.0,-1.44,5.35,48.59671707762847,Three-Quarters
612434,Miguel Castro,2023,380.0,-2.18,4.94,81.34981746768082,Sidearm
613534,Austin Adams,2023,34.0,-3.255,5.345,73.86125948052458,Sidearm
613564,Jason Vosler,2023,25.0,-1.59,6.75,33.47426523379187,Three-Quarters
614179,José Ruiz,2023,501.0,-1.2,6.1,32.945852451411724,Three-Quarters
615698,Cal Quantrill,2023,910.0,-1.07,6.16,30.963884353592384,Three-Quarters
621016,Jose Cuas,2023,430.0,-3.79,4.1,94.22781848064321,Submarine
621051,Steven Wilson,2023,421.0,-2.46,5.33,69.24866600225691,Sidearm
621057,Justin Garza,2023,58.0,-1.67,5.42,51.943688694133584,Three-Quarters
621074,Michael Rucker,2023,419.0,-2.02,5.51,58.06358599501206,Three-Quarters
621076,James Kaprielian,2023,641.0,-2.58,5.78,62.03206729027054,Sidearm
621107,Zach Eflin,2023,739.0,-2.1,5.72,60.6531724257096,Sidearm
621112,Paul Blackburn,2023,82.0,-2.02,5.89,51.17088537035297,Three-Quarters
621237,José Alvarado,2023,218.0,1.1749999999999998,6.42,28.782961888134658,Overhand
621244,José Berríos,2023,994.0,-2.25,5.46,61.11367229523637,Sidearm
621249,Duane Underwood Jr.,2023,340.0,-2.19,6.0,52.2418668589162,Three-Quarters
621295,Nick Wittgren,2023,59.0,-2.09,5.68,57.634222503615,Three-Quarters
621345,A.J. Minter,2023,415.0,2.16,5.7,54.99944392809985,Three-Quarters
621363,Colin Poche,2023,302.0,1.2,6.2,33.278021759292365,Three-Quarters
621368,Taylor Hearn,2023,138.0,2.39,6.205,55.3223111423329,Three-Quarters
621381,Matt Strahm,2023,591.0,1.78,5.37,59.4510623096563,Three-Quarters
621383,Tanner Banks,2023,107.0,2.46,6.19,52.00853536737747,Three-Quarters
621389,Ty Blach,2023,197.0,2.68,5.77,60.426113024333695,Sidearm
621433,Brett Phillips,2023,7.0,-1.34,6.42,30.66456458047987,Three-Quarters
622065,Alex Young,2023,319.0,1.92,5.79,53.69452816626841,Three-Quarters
622072,Alex Wood,2023,451.0,1.86,4.8,79.07128626511023,Sidearm
622075,Yency Almonte,2023,405.0,-1.24,5.63,47.51336497833258,Three-Quarters
622098,Drew Smith,2023,380.0,-2.27,5.43,63.62278289660789,Sidearm
622250,Josh Sborz,2023,278.0,-0.92,6.16,26.50786977938274,Overhand
622251,Josh Staumont,2023,319.0,-0.67,6.21,20.02290683420444,Overhand
622259,Trey Wingenter,2023,86.0,-2.275,5.57,68.02214148764386,Sidearm
622491,Luis Castillo,2023,1039.0,-2.46,5.04,73.57069854846662,Sidearm
622503,Nabil Crismatt,2023,209.0,-2.13,5.51,59.30000720164997,Three-Quarters
622554,Seranthony Domínguez,2023,356.0,-1.69,5.4,56.04199134153679,Three-Quarters
622569,Pablo Reyes,2023,21.0,-0.82,6.65,17.173514400139396,Overhand
622608,Antonio Senzatela,2023,120.0,-2.0549999999999997,5.835,53.591424879221066,Three-Quarters
622663,Luis Severino,2023,158.0,-1.55,5.93,44.1895588057881,Three-Quarters
622772,Jimmy Cordero,2023,367.0,-1.34,6.02,39.94713719561511,Three-Quarters
623149,Paul Sewald,2023,378.0,-3.44,4.4,89.57747241248929,Sidearm
623167,Chris Flexen,2023,566.0,-0.43,6.61,10.953897585222613,Overhand
623211,Huascar Brazoban,2023,481.0,-1.62,5.6,52.948372144802974,Three-Quarters
623352,Josh Hader,2023,367.0,2.44,5.55,64.4480612027736,Sidearm
623433,Nick Anderson,2023,323.0,-0.48,6.45,13.649115713775497,Overhand
623437,Justin Topa,2023,311.0,-2.23,4.97,76.70781573496221,Sidearm
623465,Evan Phillips,2023,302.0,-2.07,5.16,67.70772645582392,Sidearm
623474,Jimmy Herget,2023,212.0,-2.125,5.075,71.45166030258525,Sidearm
624133,Ranger Suárez,2023,223.0,1.83,5.77,50.50509682345982,Three-Quarters
624522,Keegan Thompson,2023,348.0,-1.3,5.79,40.23932746403682,Three-Quarters
624647,Victor González,2023,216.0,2.01,4.75,74.54681983581523,Sidearm
625643,Reynaldo López,2023,423.0,-1.41,5.6,46.076721973228466,Three-Quarters
628317,Kenta Maeda,2023,264.0,-2.12,5.62,57.57305861365687,Three-Quarters
628452,Raisel Iglesias,2023,136.0,-1.74,5.25,61.08222682893297,Sidearm
628708,Yunior Marte,2023,188.0,-1.63,5.37,57.35615135858371,Three-Quarters
628711,Julio Urías,2023,880.0,1.38,5.86,39.6990734834743,Three-Quarters
629498,Johan Quezada,2023,32.0,-1.9649999999999999,6.04,56.19137306655407,Three-Quarters
630023,Yonny Chirinos,2023,435.0,-0.71,6.44,18.488523933326114,Overhand
640444,Wil Crowe,2023,183.0,-2.09,5.89,53.55646800348383,Three-Quarters
640448,Kyle Finnegan,2023,366.0,-1.59,5.6,51.35405810079724,Three-Quarters
640451,Hunter Harvey,2023,379.0,-1.72,5.81,49.26556346075883,Three-Quarters
640455,Sean Manaea,2023,661.0,2.91,5.56,69.1027297067299,Sidearm
640462,A.J. Puk,2023,251.0,3.27,5.25,78.89672520550435,Sidearm
640470,Adbert Alzolay,2023,349.0,-1.36,6.12,36.74388073867663,Three-Quarters
641154,Pablo López,2023,1036.0,-1.97,5.42,63.51139411380224,Sidearm
641302,Tyler Alexander,2023,388.0,1.1,5.58,40.82289303109778,Three-Quarters
641329,Bryan Baker,2023,396.0,-0.31,6.38,9.605204155012961,Overhand
641360,Phil Bickford,2023,481.0,-2.16,5.14,71.63864763259878,Sidearm
641401,Connor Brogdon,2023,494.0,-2.36,5.71,63.707351427434695,Sidearm
641420,Zack Burdi,2023,76.0,-2.38,5.58,63.52524942508729,Sidearm
641427,Alan Busenitz,2023,79.0,-0.55,6.02,17.3568105829436,Overhand
641447,Daniel Castano,2023,22.0,2.165,6.13,50.415188416339056,Three-Quarters
641482,Nestor Cortes,2023,905.0,0.99,5.64,33.06301527017183,Three-Quarters
641525,Brandon Dixon,2023,7.0,-1.5,7.7,24.036208345090685,Overhand
641540,Dane Dunning,2023,635.0,-2.27,5.41,66.68543925301631,Sidearm
641585,J.P. France,2023,445.0,-1.435,5.38,50.76286399651462,Three-Quarters
641627,Trevor Gott,2023,406.0,-2.64,5.23,66.49880896758377,Sidearm
641645,Luis Guillorme,2023,12.0,-1.185,6.3,28.72622008866577,Overhand
641656,Ian Hamilton,2023,370.0,-2.55,5.9,57.44082546440906,Three-Quarters
641672,Thomas Hatch,2023,23.0,-1.33,5.54,46.40218386035133,Three-Quarters
641703,Brent Honeywell Jr.,2023,490.0,-1.02,5.95,31.91332338850937,Three-Quarters
641729,Joe Jiménez,2023,328.0,-2.17,5.81,56.907334543143115,Three-Quarters
641745,Brad Keller,2023,834.0,-1.72,6.0,48.702852171724984,Three-Quarters
641771,Chad Kuhl,2023,550.0,-1.8,5.83,51.262482173746065,Three-Quarters
641778,Eric Lauer,2023,766.0,1.52,5.89,45.0989563429075,Three-Quarters
641793,Zack Littell,2023,133.0,-1.84,6.11,47.46335657565121,Three-Quarters
641816,Tyler Mahle,2023,423.0,-2.53,5.36,67.28773500383323,Sidearm
641835,Tim Mayza,2023,279.0,1.48,6.19,39.17365797044424,Three-Quarters
641871,Keynan Middleton,2023,290.0,-1.41,5.69,46.92154633065205,Three-Quarters
641927,Bailey Ober,2023,637.0,-1.32,5.77,51.48021047869178,Three-Quarters
641941,Emilio Pagán,2023,375.0,-1.64,5.4350000000000005,55.72582417880221,Three-Quarters
642048,Tayler Saucedo,2023,156.0,1.94,5.26,68.08360994344307,Sidearm
642100,Gabe Speier,2023,246.0,1.48,5.34,50.449610699671446,Three-Quarters
642121,Cole Sulser,2023,72.0,-1.5550000000000002,5.53,50.31758993063366,Three-Quarters
642207,Devin Williams,2023,263.0,-1.75,5.34,59.8637916214457,Three-Quarters
642231,Jimmy Yacabonis,2023,169.0,-2.04,5.29,66.12659812746142,Sidearm
642232,Ryan Yarbrough,2023,448.0,2.73,5.33,73.12752055496603,Sidearm
642239,Rob Zastryzny,2023,164.0,1.85,5.51,58.59605002199872,Three-Quarters
642397,Gregory Soto,2023,397.0,1.91,5.52,56.40471064712997,Three-Quarters
642528,Jonathan Loáisiga,2023,28.0,-2.0549999999999997,5.54,55.856219026357124,Three-Quarters
642545,Jaime Barría,2023,402.0,-1.84,6.31,41.77083166418571,Three-Quarters
642546,Jonathan Hernández,2023,359.0,-1.23,5.35,51.58668258450759,Three-Quarters
642547,Freddy Peralta,2023,937.0,-2.58,4.94,72.85374099589593,Sidearm
642578,José Rodríguez,2023,49.0,-1.57,5.2,59.58414422931925,Three-Quarters
642585,Félix Bautista,2023,466.0,-0.27,6.73,6.929712236690492,Overhand
642701,Dennis Santana,2023,177.0,-2.31,5.5649999999999995,61.51482054140827,Sidearm
642758,Domingo Acevedo,2023,181.0,-1.59,5.63,57.607142539147326,Three-Quarters
642770,Javy Guerra,2023,286.0,-2.11,5.2,63.79988515865262,Sidearm
643256,Adam Cimber,2023,226.0,-3.9,2.29,118.09107015377718,Submarine
643361,Kevin Herget,2023,296.0,-1.525,5.92,39.18340584685619,Three-Quarters
643377,Griffin Jax,2023,392.0,-0.69,5.43,31.452061011999504,Three-Quarters
643396,Isiah Kiner-Falefa,2023,12.0,-2.25,5.88,52.663832246784544,Three-Quarters
643410,Mark Leiter Jr.,2023,349.0,-1.19,5.63,39.63843101936825,Three-Quarters
643493,Austin Pruitt,2023,229.0,-0.4,5.86,12.770478273774799,Overhand
643511,Tyler Rogers,2023,383.0,-3.69,1.58,127.04922657360702,Submarine
645261,Sandy Alcantara,2023,958.0,-1.79,5.92,51.52222198424223,Three-Quarters
645444,Jose Herrera,2023,27.0,-2.06,6.49,40.21300087904997,Three-Quarters
647315,Zach Pop,2023,199.0,-2.19,5.41,66.1292331127781,Sidearm
647336,Michael Soroka,2023,83.0,-2.21,5.96,56.469145975424965,Three-Quarters
650489,Willi Castro,2023,5.0,-1.64,7.35,28.087774370990868,Overhand
650556,Bryan Abreu,2023,442.0,-2.3,5.59,60.35058390947056,Sidearm
650633,Michael King,2023,463.0,-2.15,5.56,61.29165036953421,Sidearm
650644,Aaron Civale,2023,183.0,-0.45,6.21,14.394497357856562,Overhand
650671,José Quijada,2023,161.0,2.0,5.13,63.70295251922736,Sidearm
650893,Génesis Cabrera,2023,364.0,1.34,5.7,44.55486971432076,Three-Quarters
650895,Diego Castillo,2023,162.0,-1.03,5.52,42.32461138156029,Three-Quarters
650911,Cristopher Sánchez,2023,73.0,1.46,6.21,36.89267624768385,Three-Quarters
656061,Albert Abreu,2023,498.0,-1.36,5.6,47.156461831442385,Three-Quarters
656222,Jalen Beeks,2023,451.0,0.63,5.9,19.828236327258594,Overhand
656232,Brandon Bielak,2023,420.0,-1.2,6.02,35.09440919355218,Three-Quarters
656234,Jake Bird,2023,522.0,-2.0,5.2,67.85481996177673,Sidearm
656257,Jeff Brigham,2023,300.0,-1.88,5.57,54.26672537797053,Three-Quarters
656266,J.B. Bukauskas,2023,29.0,-1.52,5.19,57.33888152917271,Three-Quarters
656271,Brock Burke,2023,343.0,1.7,5.97,48.126256170804396,Three-Quarters
656288,Griffin Canning,2023,685.0,-1.01,5.8,33.8947988938367,Three-Quarters
656290,Drew Carlton,2023,85.0,-2.04,5.27,64.11534174373624,Sidearm
656302,Dylan Cease,2023,1172.0,-1.23,6.03,35.26887964360117,Three-Quarters
656353,Tucker Davidson,2023,333.0,1.68,6.02,44.22840791820318,Three-Quarters
656412,Alex Faedo,2023,324.0,-1.355,5.98,42.162630046465274,Three-Quarters
656427,Jack Flaherty,2023,1054.0,-2.46,5.36,69.12640482334913,Sidearm
656464,Kevin Ginkel,2023,392.0,-2.09,6.28,48.288701375689485,Three-Quarters
656529,Sam Hentges,2023,99.0,1.58,6.21,42.25738864251842,Three-Quarters
656546,Jeff Hoffman,2023,183.0,-2.26,6.08,55.0192746176201,Three-Quarters
656557,Tanner Houck,2023,821.0,-2.67,5.15,76.10105332966715,Sidearm
656578,Andre Jackson,2023,266.0,-1.56,5.83,47.33542631385651,Three-Quarters
656605,Mitch Keller,2023,1058.0,-1.9,5.82,51.73436936010618,Three-Quarters
656629,Michael Kopech,2023,1060.0,-2.32,5.66,61.073351795124665,Sidearm
656638,Alex Lange,2023,363.0,-2.375,5.54,63.91642312776544,Sidearm
656716,Zach McKinstry,2023,22.0,-1.6,5.800000000000001,45.71614958329139,Three-Quarters
656730,Trevor Megill,2023,92.0,-0.94,6.32,30.036244118589288,Three-Quarters
656731,Tylor Megill,2023,955.0,-1.71,5.85,53.68975028913954,Three-Quarters
656756,Jordan Montgomery,2023,1022.0,1.63,6.47,40.3141001604973,Three-Quarters
656786,Parker Mushinski,2023,40.0,0.89,5.44,35.74245097125267,Three-Quarters
656814,Luis Ortiz,2023,163.0,-2.33,5.82,59.549128747501136,Three-Quarters
656818,Connor Overton,2023,200.0,-1.73,5.81,46.45075317920194,Three-Quarters
656820,Nicholas Padilla,2023,37.0,-0.96,5.63,36.59388639107606,Three-Quarters
656849,David Peterson,2023,714.0,1.99,6.05,52.4839367481244,Three-Quarters
656876,Drew Rasmussen,2023,677.0,-1.83,5.83,48.95036902228555,Three-Quarters
656945,Tanner Scott,2023,402.0,2.8,4.99,74.08263530012499,Sidearm
656970,Devin Smeltzer,2023,259.0,2.02,5.87,53.015793347026616,Three-Quarters
656981,Peter Solomon,2023,236.0,-1.53,6.17,41.13293989672458,Three-Quarters
656986,Bennett Sousa,2023,30.0,0.99,6.175,28.471790094521502,Overhand
657006,Justin Steele,2023,977.0,1.77,6.03,45.847867188782466,Three-Quarters
657024,Erik Swanson,2023,390.0,-0.89,5.93,30.206740474314984,Three-Quarters
657031,Josh Taylor,2023,346.0,2.12,5.74,59.37767490716157,Three-Quarters
657041,Lane Thomas,2023,21.0,-1.01,5.99,29.710008641776035,Overhand
657044,Ryan Thompson,2023,248.0,-3.1,3.94,100.07048101657392,Submarine
657097,Jacob Webb,2023,70.0,-1.97,5.42,59.18402541662431,Three-Quarters
657140,Kyle Wright,2023,366.0,-1.68,5.43,59.59737973322116,Three-Quarters
657240,Julian Merryweather,2023,332.0,-1.75,5.92,49.21417852273404,Three-Quarters
657265,Peter Strzelecki,2023,403.0,-2.34,4.95,75.30545741871042,Sidearm
657272,Erich Uelmen,2023,33.0,-2.76,4.74,82.50963177625462,Sidearm
657277,Logan Webb,2023,1076.0,-1.1,5.05,54.786165408568976,Three-Quarters
657376,Clarke Schmidt,2023,910.0,-1.38,5.54,46.32517824890149,Three-Quarters
657424,Matt Gage,2023,88.0,1.94,6.38,44.307869889015045,Three-Quarters
657508,Mike Baumann,2023,462.0,-1.79,6.02,48.260076302904835,Three-Quarters
657514,Brennan Bernardino,2023,231.0,2.5949999999999998,5.03,77.24525631043059,Sidearm
657571,Caleb Ferguson,2023,329.0,2.37,5.61,62.246615606585614,Sidearm
657612,Tim Hill,2023,320.0,3.48,3.31,107.80744002406553,Submarine
657746,Joe Ryan,2023,935.0,-2.34,4.97,74.37816256410254,Sidearm
657756,Connor Seabold,2023,669.0,-2.28,5.51,62.00980168795095,Sidearm
659275,Dinelson Lamet,2023,230.0,-1.41,5.95,41.83440014216119,Three-Quarters
660261,Shintaro Fujinami,2023,602.0,-1.98,5.4,66.47930560745327,Sidearm
660271,Shohei Ohtani,2023,1031.0,-2.15,5.56,61.95380730571007,Sidearm
660593,Denyi Reyes,2023,130.0,-2.23,5.71,59.896439186051225,Three-Quarters
660761,José Suarez,2023,467.0,1.79,5.33,55.49651179083472,Three-Quarters
660813,Brusdar Graterol,2023,340.0,-1.21,6.135,33.143964413694846,Three-Quarters
660853,Enyel De Los Santos,2023,310.0,-1.74,5.29,62.22252073297706,Sidearm
660896,Jorge Alcala,2023,281.0,-2.28,6.375,48.90051885333133,Three-Quarters
661309,Adrián Martínez,2023,415.0,-2.06,5.46,60.650721537320436,Sidearm
661395,Jhoan Duran,2023,334.0,-1.87,5.98,50.880858519730076,Three-Quarters
661403,Emmanuel Clase,2023,392.0,-0.71,5.91,24.43811264175515,Overhand
661527,Seth Martinez,2023,343.0,-2.25,4.59,83.2345653844501,Sidearm
662253,Andrés Muñoz,2023,49.0,-2.79,5.02,76.30764669504356,Sidearm
663372,Ryan Feltner,2023,641.0,-1.64,5.25,63.661413175263164,Sidearm
663385,Chad Smith,2023,175.0,-1.48,5.39,57.85268775034427,Three-Quarters
663455,Konnor Pilkington,2023,40.0,1.4,5.83,43.80339478859867,Three-Quarters
663460,Kris Bubic,2023,265.0,2.09,5.51,62.02297670345108,Sidearm
663485,Cole Sands,2023,175.0,-2.41,5.5,64.79842527886763,Sidearm
663546,Sean Hjelle,2023,293.0,-1.51,6.27,46.87650101619201,Three-Quarters
663556,Shane McClanahan,2023,986.0,0.84,5.99,25.94990534826055,Overhand
663558,Jovani Moran,2023,402.0,1.08,5.63,38.26677185693035,Three-Quarters
663559,Bailey Falter,2023,662.0,1.01,5.75,37.34697280959247,Three-Quarters
663562,Noah Davis,2023,242.0,-1.9,5.56,56.763053093644174,Three-Quarters
663567,Peter Lambert,2023,234.0,-1.52,5.9,44.23453153360338,Three-Quarters
663623,Jake Irvin,2023,414.0,-1.91,5.79,56.91346486763588,Three-Quarters
663629,Ethan Small,2023,69.0,0.74,6.21,22.003243189620974,Overhand
663630,Ryan McKenna,2023,18.0,-0.645,8.71,7.999917165716679,Overhand
663658,Thaddeus Ward,2023,353.0,-1.16,5.66,42.073316006909145,Three-Quarters
663687,Hogan Harris,2023,116.0,2.35,6.02,55.409646257383315,Three-Quarters
663738,Daniel Lynch,2023,95.0,1.59,5.86,50.728951284744866,Three-Quarters
663753,Reiss Knehr,2023,68.0,-2.435,5.23,69.26124731757508,Sidearm
663765,Jake Woodford,2023,559.0,-1.6,5.27,63.033474270929986,Sidearm
663773,Bryan Hoeing,2023,304.0,-2.15,5.8,62.02720733504792,Sidearm
663776,Patrick Sandoval,2023,954.0,0.99,6.04,30.734657359255078,Three-Quarters
663804,Jackson Kowar,2023,38.0,-1.25,5.85,40.67062488720245,Three-Quarters
663855,Jordan Hicks,2023,423.0,-1.565,5.86,45.68603404452263,Three-Quarters
663878,Nate Pearson,2023,247.0,-0.78,5.46,41.672595758273445,Three-Quarters
663897,Luke Williams,2023,6.0,-1.6099999999999999,7.01,30.32931942903963,Three-Quarters
663903,Brady Singer,2023,950.0,-1.38,5.21,62.48209231962104,Sidearm
663941,Tristan Beck,2023,381.0,-2.38,5.88,58.7383891147537,Three-Quarters
663947,Tyler Holton,2023,366.0,1.01,5.79,34.26336780673029,Three-Quarters
663986,Trevor Stephan,2023,368.0,-1.74,5.73,54.302908093246515,Three-Quarters
663992,Richard Lovelady,2023,242.0,2.5,5.34,65.4644100640092,Sidearm
664062,Tony Gonsolin,2023,493.0,-0.81,5.89,27.948090916356644,Overhand
664076,Garrett Cleavinger,2023,211.0,1.26,5.22,53.75626080769116,Three-Quarters
664126,Pete Fairbanks,2023,165.0,-0.27,6.73,7.224315694045359,Overhand
664139,Ian Gibaut,2023,366.0,-1.2149999999999999,5.67,43.440526851918946,Three-Quarters
664192,Joey Lucchesi,2023,336.0,2.02,5.94,53.58726079281349,Three-Quarters
664199,Taylor Clarke,2023,436.0,-0.99,5.92,33.83904217599743,Three-Quarters
664202,Tyler Cyr,2023,26.0,-1.03,6.140000000000001,28.96291791544634,Overhand
664208,Phil Maton,2023,325.0,-1.37,5.38,52.28794229700011,Three-Quarters
664285,Framber Valdez,2023,1071.0,0.53,6.08,15.385630563254928,Overhand
664294,Dauri Moreta,2023,390.0,-0.985,5.79,33.85315615707977,Three-Quarters
664299,Cristian Javier,2023,1031.0,-1.76,5.65,51.51185883623184,Three-Quarters
664353,José Urquidy,2023,510.0,-1.5,5.88,41.89892882004726,Three-Quarters
664747,Alexis Díaz,2023,350.0,-2.16,4.63,81.64743336808078,Sidearm
664776,Jake Cousins,2023,175.0,-3.19,5.36,73.83777391851164,Sidearm
664849,Danny Young,2023,135.0,3.43,5.4,73.00040817619065,Sidearm
664854,Ryan Helsley,2023,400.0,-0.3,5.89,10.952938557677978,Overhand
664875,Justin Lawrence,2023,425.0,-2.87,4.25,92.6312268108878,Submarine
664942,James Naile,2023,91.0,-1.08,5.76,39.15885974268476,Three-Quarters
664948,Anthony Misiewicz,2023,147.0,0.49,5.86,16.96614810853616,Overhand
665001,Trevor Kelley,2023,181.0,-4.14,3.7,98.37289934020974,Submarine
665019,Kody Clemens,2023,36.0,-1.12,7.615,19.43990755589221,Overhand
665048,Hobie Harris,2023,330.0,-1.37,6.15,37.806804854424094,Three-Quarters
665152,Dean Kremer,2023,993.0,-2.31,5.71,59.00911478647222,Three-Quarters
665620,Deivi García,2023,55.0,-1.67,5.38,50.853570164409774,Three-Quarters
665622,Luis Medina,2023,451.0,-2.25,5.99,52.22182991055368,Three-Quarters
665625,Elvis Peguero,2023,243.0,-2.21,5.41,67.5046071439174,Sidearm
665665,Reiver Sanmartin,2023,311.0,2.995,5.28,72.23233966404246,Sidearm
665795,Edward Cabrera,2023,973.0,-1.68,6.09,46.08424081033119,Three-Quarters
665871,Javier Assad,2023,322.0,-1.66,5.81,47.06512878973613,Three-Quarters
666129,Braxton Garrett,2023,759.0,2.62,5.91,58.50421680316248,Three-Quarters
666142,Cole Ragans,2023,358.0,1.23,6.22,34.55436570326887,Three-Quarters
666154,Karl Kauffmann,2023,244.0,-2.44,5.45,64.68251139049804,Sidearm
666157,Nick Lodolo,2023,649.0,3.33,5.66,71.6413958413248,Sidearm
666159,Matt Manning,2023,174.0,-1.42,5.48,56.27153050002893,Three-Quarters
666168,Mason Thompson,2023,394.0,-1.43,5.65,53.13010235415597,Three-Quarters
666200,Jesús Luzardo,2023,1071.0,2.11,5.67,55.16728341944499,Three-Quarters
666201,Alek Manoah,2023,1029.0,-2.57,5.69,65.86848410012652,Sidearm
666204,Dany Jiménez,2023,134.0,-0.51,6.24,14.024363072420254,Overhand
666205,Kyle Muller,2023,882.0,1.34,5.96,44.34065914215141,Three-Quarters
666207,Riley Pint,2023,20.0,-2.34,5.715,62.05939090459192,Sidearm
666214,Joey Wentz,2023,749.0,1.25,6.01,39.59366927089526,Three-Quarters
666277,George Soriano,2023,108.0,-1.74,5.44,57.35790912002669,Three-Quarters
666374,Matt Brash,2023,415.0,-2.41,5.09,71.13257456077825,Sidearm
666619,Gregory Santos,2023,447.0,-1.4,5.87,42.36100557073553,Three-Quarters
666720,Yerry Rodríguez,2023,81.0,-1.65,5.46,55.22852259407656,Three-Quarters
666721,Max Castillo,2023,247.0,-2.45,5.74,58.60529819882712,Three-Quarters
666745,Jhony Brito,2023,724.0,-1.12,6.0,33.63622625566476,Three-Quarters
666808,Camilo Doval,2023,417.0,-1.46,5.26,56.6069701444265,Three-Quarters
666818,Luis Frías,2023,137.0,-1.15,6.11,33.33219722976866,Three-Quarters
666974,Yennier Cano,2023,351.0,-2.01,5.34,65.48635228152969,Sidearm
667427,Zach Jackson,2023,372.0,-0.74,6.62,18.708846404834418,Overhand
667463,John King,2023,78.0,1.73,5.335,58.946221852287735,Three-Quarters
668338,Tyson Miller,2023,96.0,-3.61,4.82,84.01037972771445,Sidearm
668665,Stephen Nogosek,2023,413.0,-1.96,5.8,52.679536004142086,Three-Quarters
668674,Lucas Erceg,2023,137.0,-1.89,6.04,48.41789312673623,Three-Quarters
668676,Zach Plesac,2023,374.0,-0.41,6.0,13.994597087514597,Overhand
668678,Zac Gallen,2023,1024.0,-2.6,5.8,60.15037333617856,Sidearm
668754,Braden Bristo,2023,42.0,-2.065,5.06,67.0618691080077,Sidearm
668834,Easton McGee,2023,64.0,-2.3,5.545,64.08391243416511,Sidearm
668868,Zack Thompson,2023,213.0,0.59,5.82,20.638982357574072,Overhand
668873,Caleb Kilian,2023,89.0,-1.28,5.91,41.03543526900949,Three-Quarters
668881,Hunter Greene,2023,1055.0,-2.3,5.83,59.87976296047442,Three-Quarters
668933,Graham Ashcraft,2023,982.0,-1.61,6.11,41.694169768450294,Three-Quarters
668941,JoJo Romero,2023,121.0,1.185,5.425,42.59309391616728,Three-Quarters
668984,Casey Legumina,2023,179.0,-2.56,4.89,77.17393070355087,Sidearm
669022,MacKenzie Gore,2023,1078.0,1.45,5.89,42.52386136168438,Three-Quarters
669060,Bryse Wilson,2023,417.0,-2.62,5.55,63.77479578081688,Sidearm
669084,DL Hall,2023,76.0,2.48,5.22,70.00467559162072,Sidearm
669093,Jeremiah Estrada,2023,168.0,-0.715,5.72,25.884411955734297,Overhand
669105,Zach Muckenhirn,2023,50.0,2.275,5.61,58.36078217220829,Three-Quarters
669160,Dustin May,2023,736.0,-1.66,5.26,67.79652146794258,Sidearm
669169,Jonathan Heasley,2023,38.0,-1.52,5.92,43.85767387873694,Three-Quarters
669194,Ryne Nelson,2023,963.0,-1.09,5.8,38.002717404211495,Three-Quarters
669203,Corbin Burnes,2023,1025.0,-0.66,5.75,25.919685681659352,Overhand
669211,Keegan Akin,2023,223.0,2.12,5.77,52.47279091124124,Three-Quarters
669212,Eli Morgan,2023,369.0,-0.1,5.68,5.222589247763491,Overhand
669270,Joel Kuhnel,2023,37.0,-2.08,6.05,52.104254501937675,Three-Quarters
669276,Dylan Lee,2023,333.0,1.56,6.22,40.06491772221739,Three-Quarters
669302,Logan Gilbert,2023,884.0,-1.26,6.1,38.61440748743294,Three-Quarters
669330,Tyler Wells,2023,996.0,-1.19,6.75,29.853883859079644,Overhand
669395,Dylan Coleman,2023,110.0,-1.605,5.58,56.01311164520353,Three-Quarters
669424,Jimmy Lambert,2023,398.0,-0.8,6.03,24.855650388058184,Overhand
669432,Trevor Rogers,2023,330.0,2.13,5.64,61.75283934310457,Sidearm
669438,Mason Englert,2023,530.0,-1.88,5.6,58.421592710669756,Three-Quarters
669456,Shane Bieber,2023,1062.0,-1.34,5.51,49.864870593235835,Three-Quarters
669459,Kyle Nelson,2023,330.0,0.74,5.49,31.413623550833357,Three-Quarters
669461,Matthew Liberatore,2023,210.0,1.11,6.25,31.804165600252027,Three-Quarters
669467,Andre Pallante,2023,337.0,-1.72,5.81,47.021364940356,Three-Quarters
669618,Joe Barlow,2023,58.0,-0.55,5.67,22.4062603460362,Overhand
669674,Sam Long,2023,259.0,0.8,5.91,26.39021717020245,Overhand
669711,Greg Weissert,2023,120.0,-3.37,4.95,78.8067118670977,Sidearm
669713,Hayden Wesneski,2023,636.0,-2.23,5.47,64.59228189105154,Sidearm
669796,Jose Hernandez,2023,329.0,0.92,6.04,24.528735766419423,Overhand
669854,Ronel Blanco,2023,236.0,-1.05,5.86,32.19573393471326,Three-Quarters
669923,George Kirby,2023,921.0,-1.42,5.74,47.32892765005215,Three-Quarters
669947,Jesse Scholtens,2023,194.0,-0.87,5.84,31.479469607243594,Three-Quarters
670036,Matt Festa,2023,88.0,-1.84,4.885,71.3409351655154,Sidearm
670042,Luke Raley,2023,41.0,-1.08,7.23,20.91621362411785,Overhand
670059,Colin Holderman,2023,316.0,-1.55,5.61,56.76973795403577,Three-Quarters
670097,Zack Short,2023,14.0,-0.955,7.720000000000001,14.774954218516019,Overhand
670124,Adam Oller,2023,412.0,-1.7149999999999999,5.71,52.86485964945901,Three-Quarters
670156,Miles Mastrobuoni,2023,17.0,-0.89,6.3,21.950364771495078,Overhand
670167,John Schreiber,2023,286.0,-2.68,4.06,95.6126388492319,Submarine
670174,Josh Winckowski,2023,454.0,-1.5,5.83,47.07163954272711,Three-Quarters
670183,Garrett Acton,2023,132.0,-2.3,5.91,55.56045072792615,Three-Quarters
670280,David Bednar,2023,294.0,-1.99,5.81,52.07245691993559,Three-Quarters
670329,Rico Garcia,2023,75.0,-0.84,5.77,24.909210341381854,Overhand
670712,Mike Brosseau,2023,30.0,-1.5750000000000002,6.25,35.13592270628425,Three-Quarters
670766,Darren McCaughan,2023,21.0,-1.7,5.11,60.93056652168887,Sidearm
670810,Logan Gillaspie,2023,145.0,-0.55,5.77,21.299210865298882,Overhand
670871,Guillermo Zuñiga,2023,18.0,-2.13,5.73,59.891371214409546,Three-Quarters
670912,Johan Oviedo,2023,889.0,-2.55,5.54,67.8087260251528,Sidearm
670950,Trevor Richards,2023,419.0,-2.11,6.13,49.32424694400259,Three-Quarters
670955,Edwin Uceta,2023,51.0,-1.77,4.86,69.83930154930611,Sidearm
670990,Yohan Ramirez,2023,303.0,-2.13,4.82,79.6652004708965,Sidearm
671106,Logan Allen,2023,668.0,2.15,5.17,65.52555731032874,Sidearm
671111,Sammy Peralta,2023,31.0,2.07,4.74,78.60467894610719,Sidearm
671345,Jason Foley,2023,323.0,-1.72,5.53,56.77778541259452,Three-Quarters
671737,Taj Bradley,2023,501.0,-1.26,5.99,37.1739411906981,Three-Quarters
672282,Reid Detmers,2023,833.0,1.21,5.88,37.24140685977379,Three-Quarters
672335,Cionel Pérez,2023,311.0,1.2,5.42,43.20412294592389,Three-Quarters
672391,Kaleb Ort,2023,241.0,-2.61,5.24,72.90245288672737,Sidearm
672578,Carlos Hernández,2023,459.0,-1.4,5.91,43.68610697550205,Three-Quarters
672710,Roansy Contreras,2023,812.0,-0.8,5.78,27.012969080793184,Overhand
672730,Juan Then,2023,168.0,-2.52,5.19,69.81619233367725,Sidearm
672841,Carlos Vargas,2023,83.0,-1.6,5.62,53.45311953518884,Three-Quarters
673540,Kodai Senga,2023,864.0,-1.66,5.78,47.39240950910303,Three-Quarters
674003,Cody Bradford,2023,168.0,0.53,5.9,19.805520627252324,Overhand
674072,Tommy Henry,2023,506.0,1.73,5.5649999999999995,55.42749107307438,Three-Quarters
674285,Eduardo Salazar,2023,51.0,-2.55,5.37,67.36418263116163,Sidearm
675540,Xzavion Curry,2023,440.0,-1.16,5.98,32.75087658024418,Three-Quarters
675627,Michael Grove,2023,275.0,-1.2,5.93,37.35662192852043,Three-Quarters
675911,Spencer Strider,2023,1104.0,-1.9,5.75,50.662377906653795,Three-Quarters
675916,James Karinchak,2023,410.0,-0.01,6.49,3.5007906133789533,Overhand
675989,Cody Bolton,2023,142.0,-2.16,5.355,64.85852806588272,Sidearm
676050,Packy Naughton,2023,68.0,2.07,5.5,61.139447662201675,Sidearm
676083,Janson Junk,2023,79.0,-1.67,5.67,51.218194403759504,Three-Quarters
676130,José Butto,2023,218.0,-1.54,5.47,51.73512351752096,Three-Quarters
676254,Ryan Walker,2023,67.0,-3.44,5.16,76.30589538387325,Sidearm
676265,Cory Abbott,2023,63.0,-2.39,5.72,59.11892130305639,Three-Quarters
676272,Bobby Miller,2023,182.0,-0.74,5.77,29.930801648042568,Overhand
676440,Tanner Bibee,2023,545.0,-1.64,6.24,41.04923283203598,Three-Quarters
676477,Garrett Whitlock,2023,357.0,-1.37,5.64,50.9772022549078,Three-Quarters
676534,Calvin Faucher,2023,323.0,-1.815,5.96,46.42634655770866,Three-Quarters
676596,Josh Fleming,2023,733.0,2.85,5.22,72.70155606368121,Sidearm
676664,JP Sears,2023,887.0,1.2,4.86,58.80367235633316,Three-Quarters
676680,Tom Cosgrove,2023,124.0,2.585,4.84,78.72441479631959,Sidearm
676684,Will Vest,2023,273.0,-2.32,5.47,61.42218749831527,Sidearm
676701,Alan Trejo,2023,25.0,-2.25,6.9,38.651378685295086,Three-Quarters
676710,Kutter Crawford,2023,451.0,-1.17,5.81,36.40371700234731,Three-Quarters
676714,Brandon Hughes,2023,188.0,2.21,5.38,64.60399048179306,Sidearm
676760,Ron Marinaccio,2023,488.0,-2.62,5.37,67.95509100423158,Sidearm
676979,Garrett Crochet,2023,122.0,1.75,5.93,51.261567573254055,Three-Quarters
677020,Josh Walker,2023,21.0,2.13,6.05,54.35297925009325,Three-Quarters
677053,Andrew Nardi,2023,390.0,2.525,5.82,60.255396217771676,Sidearm
677161,Zack Kelly,2023,145.0,-2.69,5.41,69.11151256881868,Sidearm
677651,Luis Garcia,2023,469.0,-0.82,6.2,22.479434397103127,Overhand
677865,Justin Bruihl,2023,238.0,2.9,5.535,67.7605091898521,Sidearm
677960,Ryan Weathers,2023,485.0,2.15,5.67,56.695324281753265,Three-Quarters
678061,Ray Kerr,2023,24.0,2.39,5.53,64.29360562649688,Sidearm
678394,Brayan Bello,2023,632.0,-1.73,5.21,61.61277454011394,Sidearm
680570,Grayson Rodriguez,2023,889.0,-2.08,5.78,58.191009316498686,Three-Quarters
680573,Simeon Woods Richardson,2023,99.0,-0.33,6.62,8.822518411939187,Overhand
680686,Josiah Gray,2023,1059.0,-1.66,5.165,61.464670857232406,Sidearm
680694,Kyle Bradish,2023,723.0,-1.33,6.18,37.44615396110798,Three-Quarters
680704,Nick Sandlin,2023,299.0,-3.0,4.16,89.64416383999654,Sidearm
680735,Austin Cox,2023,18.0,1.17,5.985,36.53419235219468,Three-Quarters
680739,Josh Winder,2023,23.0,-0.9,5.91,31.96630776045976,Three-Quarters
681190,Randy Vásquez,2023,84.0,-2.625,5.715,60.254558053731934,Sidearm
681217,Chase Silseth,2023,286.0,-1.51,5.81,42.43622978853498,Three-Quarters
681402,Gus Varland,2023,199.0,-1.745,5.25,59.91156427102235,Three-Quarters
681806,Andrew Wantz,2023,347.0,-1.84,5.87,52.42875045607673,Three-Quarters
681810,Austin Warren,2023,23.0,-2.06,5.17,64.04123073843937,Sidearm
681867,Cooper Criswell,2023,283.0,-1.34,5.16,65.65891006330749,Sidearm
681911,Alex Vesia,2023,254.0,1.03,5.56,38.11861643126288,Three-Quarters
681987,Nate Eaton,2023,22.0,-0.69,5.675000000000001,24.149109821921044,Overhand
682051,Garrett Hill,2023,131.0,-2.58,5.15,69.40721831409232,Sidearm
682120,Tim Herrin,2023,187.0,1.37,5.4,58.15103549925766,Three-Quarters
682171,Penn Murfee,2023,222.0,-3.76,4.28,90.60193924256328,Submarine
682227,Brandon Williamson,2023,238.0,1.14,6.36,32.307334454882096,Three-Quarters
682243,Bryce Miller,2023,526.0,-0.8,5.56,32.09901803469461,Three-Quarters
682847,Luis Ortiz,2023,347.0,-1.22,5.21,54.09381828799211,Three-Quarters
683232,Nick Mears,2023,103.0,-0.61,6.08,19.382563815222156,Overhand
683769,Hunter Gaddis,2023,482.0,-2.18,5.96,56.309932474020194,Three-Quarters
685410,Peyton Battenfield,2023,551.0,-1.81,6.57,40.15128094541921,Three-Quarters
686610,Ken Waldichuk,2023,940.0,2.68,5.39,70.56829062650412,Sidearm
686613,Hunter Brown,2023,955.0,-1.21,6.07,34.19385436247129,Three-Quarters
686651,Levi Stoudt,2023,138.0,-1.85,5.78,50.650542900713,Three-Quarters
686747,Joe LaSorsa,2023,32.0,1.8849999999999998,5.38,65.06756427538468,Sidearm
686753,Drey Jameson,2023,357.0,-1.84,5.5,54.87405925175741,Three-Quarters
686842,McKinley Moore,2023,86.0,-1.31,6.205,38.6867230240496,Three-Quarters
686972,Cole Waites,2023,65.0,-1.68,5.2,64.39781244855824,Sidearm
686973,Louie Varland,2023,554.0,-1.59,5.36,55.13979201066689,Three-Quarters
687330,Kevin Kelly,2023,426.0,-1.71,3.81,106.45731437261475,Submarine
687396,Brent Headrick,2023,133.0,1.6,6.16,44.483835770235146,Three-Quarters
689167,Jeff Lindgren,2023,80.0,-2.15,5.485,60.36384505602286,Sidearm
689172,Brett Wisely,2023,11.0,-2.22,5.83,51.29748151937205,Three-Quarters
689266,Dylan Dodd,2023,327.0,2.07,5.96,51.970545962845364,Three-Quarters
690829,Ben Joyce,2023,12.0,-1.98,4.75,82.27251983025914,Sidearm
691587,Eury Pérez,2023,327.0,-1.94,5.82,59.17688083769634,Three-Quarters
693821,Bryce Elder,2023,945.0,-0.91,6.4,23.38808090413893,Overhand
694297,Brandon Pfaadt,2023,433.0,-2.52,5.33,70.64804764563196,Sidearm
694363,Jared Shuster,2023,410.0,0.66,5.59,29.34750846904609,Overhand
694813,Gavin Stone,2023,214.0,-1.95,5.49,57.53155399585375,Three-Quarters
695243,Mason Miller,2023,366.0,-2.16,6.01,54.76045850819708,Three-Quarters
696147,Sam Bachman,2023,47.0,-1.12,5.42,43.95380913550954,Three-Quarters
