Pitcher,# Pitches,PLA,FF,SI,SL,CH,CU,FC,FS
Reyes Moronta,48,0.956740797,,,2.087434465,,,,
John Schreiber,56,1.086396774,2.534925805,,,,,,
Eduard Bazardo,52,1.408902327,,,2.526307621,,,,
Bryan Mitchell,67,1.624622107,5.183318149,,,,,,
Oliver Pérez,56,1.768526511,,3.537053022,,,,,
Tanner Anderson,64,1.804589081,,3.208158366,,,,,
Matt Bush,69,1.818564773,3.485582481,,,,,,
Tyler Ivey,79,1.821813175,3.59808102,,,,,,
Jacob deGrom,1226,1.885928776,2.390094453,,0.712508343,3.101891706,,,
Emmanuel Clase,1057,1.967976401,5.363902923,,0.756034305,,,2.384180076,
Adrian Morejon,80,2.136843681,3.342967198,3.52387837,,,,,
Kirby Snead,111,2.183563067,,3.998994787,2.631258848,,,,
Pedro Báez,59,2.326537206,,,,3.431642378,,,
Angel Zerpa,68,2.345508194,4.430404366,,,,,,
Liam Hendriks,1131,2.362174021,2.354317279,,2.400500838,,3.008871561,,
Kutter Crawford,57,2.384938478,5.228518972,,,,,,
Rony García,56,2.396221941,3.946718491,,,,,,
Seth Martinez,63,2.424283822,5.656662252,,,,,,
Andrew Vasquez,27,2.535983562,,,,,2.852981508,,
Stephen Nogosek,48,2.553780556,4.086048889,,,,,,
Collin McHugh,972,2.567060232,5.490027995,,1.810420574,,1.931463832,2.831328979,
Hunter Wood,66,2.593218231,4.103681374,,,,4.049035263,,
Gabe Speier,105,2.611953735,1.890976073,2.695326001,3.199009206,,,,
Daniel Zamora,65,2.614939543,,,3.332766084,,,,
Nivaldo Rodriguez,114,2.616123026,5.847804411,,,,,,
Roansy Contreras,46,2.647092183,4.198835877,,,,,,
Shane Baz,198,2.654353523,2.284117413,,2.937061603,,4.2032622,,
Brusdar Graterol,522,2.694833679,,2.998943555,1.485329499,,,6.350006077,
Ryan Thompson,483,2.738107793,2.468920898,3.040713835,2.495274713,,,3.6812675,
Raisel Iglesias,1059,2.762056187,3.418113004,3.716642548,2.288225057,2.068544843,,,
Dauri Moreta,57,2.817942706,3.735412424,,,,,,
Julio Urías,2786,2.828653716,3.477544919,,,3.08430818,1.833085098,,
Andrew Kittredge,982,2.8400842,2.566410074,3.557400029,2.236739381,,,,
Michael Kopech,1154,2.892978595,3.169809985,,2.192799978,4.737972368,3.253650973,,
Zack Wheeler,3205,2.897453499,3.022032168,2.156872524,2.858145313,4.651036663,3.150592118,,
Josh James,69,2.908321381,5.016854382,,,,,,
Brody Koerner,52,2.914525986,,6.589363098,,,,,
Blake Treinen,1095,2.915271531,5.190467218,2.889599393,2.236440629,,,3.179855917,
Devin Smeltzer,52,2.92145225,2.965444954,,,3.447737421,,,
Richard Bleier,685,2.954166281,,2.51897992,3.285770085,,,4.009786547,
Garrett Whitlock,1150,2.955276073,3.8334527,2.832904859,3.388308742,2.536859836,,,
Gerrit Cole,2969,2.955556533,2.623876628,2.976294905,3.269104714,3.046600282,3.434538202,,
Taylor Rogers,642,2.960513911,,4.179591812,1.95225212,,,,
Daniel Camarena,174,2.960705485,4.526886332,4.953030891,2.61704608,,,,
Tyler Rogers,1129,2.977859497,2.885151174,6.682857527,2.832483764,,2.57940115,,
Matt Wisler,787,2.982184528,6.526123457,,3.481745649,,,,
Jonathan Loáisiga,1085,2.992803178,2.844895857,3.314372562,,3.717358125,1.683846423,,
Tyler Wells,894,3.000436883,3.363390641,,2.402006252,1.76396097,5.905680673,,
Hunter Harvey,139,3.041150093,2.946965608,,,,4.336213743,,
Ryan Pressly,956,3.045656919,3.511547931,,2.758968798,,2.719877711,,
Connor Seabold,43,3.049884796,4.857223935,,,,,,
Spencer Strider,38,3.063943454,3.880995042,,,,,,
Manny Barreda,48,3.083106995,4.484519265,,,,,,
Jhon Romero,78,3.086490154,4.913188409,,,,,,
Walker Buehler,3152,3.088807916,3.171356827,4.303377198,2.086530139,3.265451618,3.79282975,2.520775791,
Ryan Castellani,65,3.100019646,,,7.196474177,,,,
Edwin Díaz,999,3.10119986,3.796769217,,1.999728975,,,,
Colin Rea,91,3.10583051,4.849915612,,,,,4.528210004,
Nathan Eovaldi,2927,3.132631291,3.284465221,,2.440808913,,3.548434307,2.56281564,3.31985407
Devin Williams,993,3.138436777,5.690848033,,,1.988382291,,,
David Paulino,32,3.143209457,4.789652507,,,,,,
Tyler Glasnow,1339,3.14579114,3.15248163,,3.989656419,3.484987199,1.148845835,,
Shea Spitzbarth,82,3.152321243,4.601076355,,,4.302073261,,,
Adam Conley,296,3.167605901,3.5436538,,3.527204266,2.534661184,,,
Jorge Alcala,869,3.173597538,4.050253236,3.655431095,2.507453892,2.611343386,,,
Camilo Doval,452,3.174707483,4.384802338,,2.321767358,,,,
Corey Oswalt,156,3.200342855,4.198325722,,,3.370670081,,,
Dustin May,368,3.201985898,4.395097373,2.905519654,,,2.346491677,3.689005459,
Drew Rasmussen,1202,3.227570785,3.371232939,,2.579996681,5.848617034,5.012809184,,
Josh Hader,964,3.231529843,2.854854977,,3.685220384,5.131546392,,,
Jake McGee,878,3.231820218,3.155960856,,4.139182848,,,,
Justin Bruihl,255,3.233111245,,4.43205486,3.819318061,,,2.737837004,
John Means,2328,3.233666715,4.027287816,,2.884211589,1.60231147,3.803282516,,
Chad Green,1312,3.237983491,2.940792968,,,,3.842471825,,
Max Fried,2558,3.246667014,3.431152327,3.889724582,2.977075724,3.820915778,2.851831064,,
Tejay Antone,529,3.262883706,,5.038152654,2.82703918,,2.603263508,,
Zac Rosscup,48,3.272529602,,,6.545059204,,,,
A.J. Cole,114,3.284849405,4.0659049,,4.074792472,,,3.056866646,
Luis García,501,3.295887909,,3.44634232,3.194241169,,,,3.375688071
Shane McClanahan,1954,3.310900714,3.867001118,,2.665737702,4.92535235,2.499316206,,
Sandy Alcantara,3095,3.323632239,4.103246521,3.266580048,2.526816814,3.438392355,3.788885757,,
Corbin Burnes,2594,3.33829777,4.072767516,5.051364839,2.931409952,4.620623512,3.149550908,2.926481929,
Jake Latz,84,3.354927063,4.224743913,,,5.429968643,,,
Shohei Ohtani,2027,3.365427003,4.66554223,,1.096863743,,3.732091122,3.54342857,2.752659521
Tim Hill,961,3.367684732,2.925434318,3.432905719,4.493732992,,,,
Richard Lovelady,315,3.378436181,3.147933682,4.461679039,3.150177398,,,,
David Bednar,934,3.39948105,3.328488798,,,,3.861666601,,3.084288047
Freddy Peralta,2356,3.408338939,3.402156581,,3.032363652,5.093260814,3.020038709,,
Miguel Aguilar,104,3.410887582,4.137856022,,4.462966201,,,,
Dietrich Enns,360,3.41173246,4.242522996,,,,0.673453028,2.505548083,
Antonio Santos,176,3.417440078,4.285167648,,,,4.461869632,,
Brandon Woodruff,2810,3.440379203,3.33290121,3.846657048,2.878236959,3.574351685,3.168196015,,
Ryne Harper,567,3.443417487,4.668334624,,4.084220551,,2.675795556,,
Alex Vesia,651,3.455723572,3.571492218,,2.555519833,4.184455661,,,
Luis Severino,98,3.456534704,4.825228472,,3.150767279,1.405169502,,,
Craig Kimbrel,1008,3.464891487,3.54825696,,,,3.533367647,,
Robert Gsellman,427,3.47302876,,3.419622272,4.665649027,3.242475196,,,
Corey Knebel,399,3.482318829,3.542698789,,,,3.419651451,,
Dakota Hudson,131,3.485844612,,4.325602377,3.257568846,,4.267131012,,
Paul Sewald,1104,3.486595232,3.231158789,,3.86099318,,,,
Austin Pruitt,110,3.493179495,5.313177109,,2.756204775,,2.6641401,,
Aaron Nola,2971,3.502332624,4.197041485,4.454490402,,3.037374242,2.302934298,5.101979489,
Phil Bickford,776,3.506816616,3.653660644,,3.400985768,,,,
Stephen Ridings,74,3.507126617,4.701205957,4.749257708,,,,,
Anthony Gose,115,3.510957527,2.867792751,,5.428850269,,,,
Clayton Kershaw,1806,3.512502425,4.016355227,,2.979601063,,4.060677441,,
Erik Swanson,564,3.51412021,3.727232472,,3.558301647,,,,3.251628643
Jimmie Sherfy,230,3.52433726,4.690655521,,3.00909422,,,,
Tommy Hunter,109,3.53387332,,5.102957913,,,,3.714520859,
Yimi García,943,3.535925364,3.534610609,4.014711547,3.3160393,4.836979639,3.307825995,,
Luke Jackson,1055,3.547590326,5.476987776,,2.161106308,,3.981695766,,
Kevin Gausman,3002,3.552534421,4.054570537,,3.937928906,5.127154472,,,2.438758944
Jordan Romano,1031,3.554229494,3.482985885,,3.731931007,,,,
Caleb Thielbar,1106,3.571198463,3.801669176,,3.007339607,,4.077647627,,
Kervin Castro,201,3.575541687,3.248415967,,,,4.601370023,,
Jake Reed,160,3.576632309,,6.395385079,3.612843951,4.216983795,,,
Daniel Hudson,865,3.577987474,3.540098819,,3.428342577,6.304842444,,,
Carlos Rodón,2219,3.578568655,3.715727591,,3.163045924,3.795337412,4.141487697,,
Chris Mazza,413,3.585805753,,4.096869009,3.252213934,,,4.155065487,
Connor Brogdon,923,3.586622558,4.090237493,,,2.098775019,,5.177543832,
Nick Snyder,59,3.587508722,4.601369882,,,,,,
Adam Cimber,1022,3.587872456,3.466661937,2.905411788,4.479770156,,,,
Joe Kelly,712,3.593159416,5.362588234,4.87619892,,4.437770171,2.06468265,,
Erasmo Ramírez,392,3.596592808,2.792314494,4.568639582,,4.503285313,,2.766330845,
Evan Phillips,244,3.615870667,4.60665995,,2.425594889,4.368292985,,,
Spencer Turnbull,775,3.619530029,3.80577617,3.979466388,3.120760707,2.805172069,4.605724384,,
Elieser Hernandez,818,3.621077211,4.171336068,,2.822029675,4.102200247,,,
Josh Fleming,1629,3.625032565,,3.477706643,,4.381926629,3.513073857,3.305355409,
Aaron Bummer,962,3.631471713,,4.411527927,1.899529763,,,4.430166035,
Louis Head,546,3.632118879,3.2918094,,4.043342972,,,,
Tony Watson,866,3.632282346,4.260077068,4.053736931,2.974586035,3.438412565,,,
Pete Fairbanks,775,3.64676249,4.774745814,,2.137129745,,,,
Zach Eflin,1615,3.654198295,4.394839248,4.077539489,3.029827,2.942727703,3.273575441,,
Jarlín García,1002,3.655915121,3.61813656,,3.989444825,3.446064288,,,
Aaron Loup,833,3.657183299,,3.306070476,,4.336553693,4.126992843,3.937937732,
Pablo López,1669,3.657681849,4.038099275,3.816509563,,2.652125486,4.685214787,4.289797882,
Sam Coonrod,712,3.663090503,3.385937619,4.036957977,3.008530212,3.983395829,,,
Logan Webb,2214,3.66420871,5.391844107,3.550395912,3.497150513,3.272269939,,4.551002994,
Charlie Morton,2987,3.673104579,4.575971089,4.298562384,,3.920292396,2.668239406,3.078598235,
José Urquidy,1631,3.680299278,3.772039151,,3.121356554,3.721771969,4.363512657,,
Reiver Sanmartin,181,3.684284101,3.564777573,2.819604598,3.606634071,4.61850591,,,
Nick Vincent,182,3.684787349,5.051194287,,,,,3.584256988,
Joe Smith,650,3.688393473,4.178467202,3.318150074,3.872890506,,,,
Matt Strahm,136,3.690093613,4.681994771,,4.919626617,,4.418339103,,
Janson Junk,247,3.711261282,4.498094675,,2.468658522,,3.561264532,,
Raynel Espinal,36,3.71164155,,6.362814086,,,,,
Chris Martin,664,3.711974628,4.693684435,3.928169329,3.03220353,3.503124491,,2.773509299,
Francisco Mejía,28,3.715662479,,,4.954216639,,,,
Ryan Yarbrough,2488,3.719120936,,3.966004583,,4.944844055,1.993508486,3.5609071,
Nick Sandlin,603,3.72851774,4.995533515,3.977523107,3.379466761,,,,
Michael Wacha,1974,3.729405531,4.102818763,,,3.06336702,4.620076692,3.874813544,
Emilio Pagán,1098,3.732972637,3.76217572,,,,,3.784685256,
Wandy Peralta,808,3.733628516,5.924833216,5.110114938,2.65739508,3.042824645,,,
Caleb Baragar,358,3.733707262,3.481010048,,5.452905754,,,,
Luis Cessa,949,3.737457275,4.991258771,4.836578131,3.307160787,2.914436837,,,
Richard Rodríguez,944,3.745617802,3.474169177,,5.430256127,,,,
Domingo Acevedo,174,3.748879173,4.701187083,,3.151856683,3.039961502,,,
Garrett Crochet,915,3.752411263,4.354774205,,1.994423992,5.054237404,,,
Bailey Ober,1476,3.756398776,3.815682248,,3.316578036,3.663176589,4.318144742,,
Kent Emanuel,240,3.75889098,,4.424868684,2.767435935,3.400320095,,,
José Álvarez,970,3.768453067,4.913082275,3.396452984,3.55582106,3.804495574,,4.867352486,
Scott Alexander,259,3.770757592,,3.791765735,4.377168475,,,,
Joe Mantiply,621,3.772312325,8.343815974,3.414499985,,4.092855691,3.767628442,,
Matt Barnes,919,3.782189718,4.618421932,,,,3.043599979,,
Reynaldo López,938,3.784874183,4.136987641,,3.143517137,4.644743073,4.098230329,,
Ian Kennedy,899,3.784992376,3.484040704,,,5.62118546,4.416483424,5.624063448,
Lucas Giolito,2970,3.785956995,4.756302317,,3.842633928,2.306932978,4.926465234,,
Ben Rowen,198,3.795130113,,5.368314122,2.738741429,,,,
José Ruiz,1037,3.796934392,4.039836888,,,4.226217455,3.493273795,,
Steven Okert,601,3.797420078,6.695461787,5.350279122,2.09292886,,,,
John King,696,3.801917366,,3.623921223,4.278865357,3.824797513,,4.431695455,
Brent Suter,1221,3.802733543,3.30002352,7.041264193,,5.265635417,4.47828867,,
Brett Martin,918,3.81163335,4.203045519,4.261745197,3.242947333,,3.403369481,,
Neftali Feliz,67,3.817701578,5.442255441,,,,,,
Drew Pomeranz,430,3.82073281,4.11398445,,,,3.009555443,,
Aaron Ashby,532,3.823599484,,5.323549117,2.206633085,4.574479065,4.494013596,,
Chris Sale,736,3.824408054,3.980285569,3.886502438,3.960897853,3.281353489,,,
Scott Barlow,1223,3.827117373,4.290822884,,3.647649121,,3.671712696,,
Yu Darvish,2769,3.834006881,4.562807034,5.680899666,2.775219624,,3.963779766,3.298605393,6.372123547
Tim Mayza,841,3.83859512,,3.732639639,4.162553352,,,,
Giovanny Gallegos,1236,3.840457521,4.913898418,,2.440650843,4.584300898,,,
Chris Bassitt,2381,3.846386408,4.460144872,3.867926874,2.962482014,4.076367956,3.479543292,3.644004119,
Mark Melancon,1053,3.847748825,6.085234892,,,,3.412918227,4.020406563,
Max Scherzer,2821,3.849380323,4.22654825,,2.836759494,3.455857809,3.979173276,4.51942276,
Adbert Alzolay,1955,3.849560563,4.650840165,4.461076077,3.244866829,3.952851685,3.842691186,2.524564189,
Daulton Jefferies,220,3.849645233,5.649137991,4.30810943,,2.964390638,,4.143136883,
Danny Duffy,1009,3.851072218,3.185174075,4.654937951,4.713323226,4.408299843,3.493194025,,
Anthony Bender,973,3.856324071,,4.265680669,3.589104857,,,,
Nestor Cortes,1524,3.866493143,3.833218318,4.954898369,3.710459046,6.288597113,2.710893817,2.874536169,
Jordan Montgomery,2570,3.867897034,5.229167173,4.766815666,,3.164454212,2.721282189,4.057161066,
Joe Barlow,455,3.86854106,4.13329438,,3.488168782,,4.94324203,,
Trevor May,1117,3.874196884,3.722494277,,4.013457243,4.294098655,,,
Anthony DeSclafani,2558,3.876469455,3.601638271,4.285361419,3.661293832,4.669524856,3.74013405,,
Chris Paddack,1869,3.881004357,4.194504829,,,2.047665928,6.293620621,,
Andrew Chafin,947,3.882722577,4.075309185,4.203559151,3.264844076,,,,
Drew Smith,610,3.89010817,4.146156212,,,6.34786123,4.669075724,2.892833771,
Nick Tropeano,120,3.890422106,5.150318742,5.788508112,5.138037906,,,,
Keone Kela,203,3.892096996,4.477530211,,,,3.30851096,,
Trevor Bauer,1787,3.894304683,3.638039055,4.015582569,2.986265111,6.374228082,5.279521359,4.174032028,
Robbie Ray,3141,3.90347269,3.638886663,,3.941005217,6.237754738,4.884926079,,
Jordan Yamamoto,111,3.903478432,5.383999581,,5.491029584,,,4.734558704,
Drew Steckenrider,1008,3.904154059,3.820173592,,,3.615456746,4.458254836,,
Casey Sadler,581,3.905891986,,4.133039059,,,4.298619884,3.468582561,
John Curtiss,703,3.906950642,4.519668684,,3.288980732,,,,
Tyler Anderson,2602,3.911061909,3.91596719,4.38429772,,3.829846524,,3.877409501,
A.J. Minter,876,3.911148266,3.850985318,,,3.595723135,,4.064340814,
Dylan Coleman,109,3.911466799,4.483889772,,3.290172052,,,,
Hyun Jin Ryu,2689,3.913022374,4.598176835,4.607399031,,2.786139802,3.419330702,4.359578051,
Jameson Taillon,2372,3.915839849,3.594380536,4.345358771,3.635147558,5.540720488,4.40876506,,
Matthew Boyd,1273,3.918566429,4.569522913,3.75261015,4.08995807,2.651281741,3.764634494,,
Trevor Rogers,2169,3.925778955,4.541423769,,3.908672673,2.625664477,,,
Diego Castillo,936,3.926608625,7.092295671,5.58532599,3.035374869,,,,
Joey Krehbiel,133,3.932365723,4.018710989,,,5.267781552,,3.89703558,
Oliver Ortega,139,3.933121409,4.274823831,,,,4.028564245,,
T.J. McFarland,512,3.933482729,,3.691573837,5.261811355,4.463872895,,,
Phil Maton,1174,3.937904663,4.064458692,,3.551862223,,3.837075385,4.318503541,
Domingo Tapia,520,3.944431267,4.267224033,3.878385366,4.312520932,3.967211929,,,
Taylor Clarke,754,3.952824519,4.252357683,,3.894169399,3.537647099,,,
Dillon Tate,1042,3.953884331,,4.298664488,3.223336493,4.185599798,,,
James Norwood,94,3.963319016,4.570963174,,,,,,4.48028418
Luis Castillo,3164,3.964861096,4.877651072,4.448636962,3.457519288,3.034427899,,,
Rich Hill,2496,3.966619924,3.998551145,4.914498212,2.026272933,5.497601272,4.080815693,4.168487391,
Evan Marshall,435,3.967125683,5.722177263,4.103816253,,2.762173174,3.892336275,,
Adam Wainwright,3068,3.967394408,5.584601797,5.363166198,,3.741731081,3.02597738,3.040397658,
Aroldis Chapman,1004,3.976091374,5.078612866,2.776466277,2.804898117,,,,1.97023623
Jeffrey Springs,751,3.976156092,,3.627898861,4.668150192,3.749449715,,,
Josh Taylor,791,3.98661196,4.547410151,4.596892467,3.298919642,,4.95021188,,
Steven Matz,2557,3.987874259,,4.213076,4.431228414,3.272332141,4.079853778,,
Antonio Senzatela,2405,3.992939661,4.235456151,5.702634771,3.268306091,5.164624704,3.992507163,,
Cole Sulser,1070,3.994481699,4.286464888,,3.435361235,3.768850182,4.157629684,,
Paolo Espino,1735,3.994881859,4.400950763,,2.662869256,5.86495682,3.662418255,,
Anthony Misiewicz,894,3.996092075,3.985865543,,,,4.038460899,4.062167191,
David Robertson,208,3.99874115,,,,,3.436236219,4.428541819,
Frankie Montas,3028,4.016157997,4.126118603,4.390780685,3.71130733,,,,3.638593495
Julian Merryweather,217,4.016202486,3.647301472,,4.205163384,5.635875593,3.725843239,,
Zack Littell,993,4.017224369,4.306551248,,3.472621983,,,,5.756265799
Scott Effross,222,4.017842466,4.749907281,3.93689511,3.120674249,5.797523367,,,
Kenley Jansen,1071,4.018503383,,4.599480402,3.359550763,,,3.933288959,
Craig Stammen,1308,4.024643693,,4.221356294,4.241999558,,3.612716275,4.500920745,
Framber Valdez,2090,4.026722219,5.18911115,4.369292643,,4.049126728,3.215751096,,
Rafael Montero,872,4.038121095,3.841586669,4.096631,3.586073723,4.802357041,,,
Art Warren,338,4.038503738,5.171609827,,3.266188258,,,,
Michael King,1009,4.039548774,2.615314406,4.112823805,,4.991964807,4.059945281,4.139709292,
Derek Holland,835,4.039828614,4.529918255,4.278822943,,4.854786371,3.319356803,,
Seth Lugo,730,4.041437712,4.09909435,5.170806185,4.100675734,4.674623625,2.89455474,,
Mitch White,762,4.042561667,4.238450438,,4.025807375,,4.285309998,,
Yusmeiro Petit,1082,4.047737317,4.596702906,,,3.589596765,3.535556819,3.534617904,
Lance Lynn,2608,4.050898266,4.130115299,4.920713562,,6.724964759,5.428858574,3.47605033,
José Berríos,3043,4.051589648,4.516451389,4.162560762,,4.546182849,3.403663535,,
Casey Mize,2357,4.05274845,4.23226267,4.003870857,3.411863133,,5.257085674,,4.493176968
Tanner Houck,1149,4.057035584,5.033613052,3.403878237,3.30052068,,,,4.507578299
Lance McCullers Jr.,2788,4.057413779,,5.092850002,2.479045109,4.689539848,3.872212633,6.12223524,
Josh Osich,231,4.057747597,,6.534131876,,6.474097381,,3.831861385,
Mike Minor,2621,4.058601956,4.228569777,,3.961023195,3.972512005,3.857567005,,
Tyler Alexander,1640,4.058854728,5.359493697,4.949331013,4.055129584,3.573785872,,3.228054619,
Zack Greinke,2577,4.062248721,4.549186646,5.560085677,4.342271344,3.406960205,3.016842964,,
A.J. Puk,243,4.06840868,4.970499182,5.171007359,2.628456473,,,,
Dylan Floro,1076,4.068956852,5.490188063,3.623672483,3.356213183,3.216846935,,,
Chris Flexen,2811,4.070429814,4.625561684,,,3.366459766,4.32470327,3.551277759,
Ryan Burr,593,4.071648476,4.545419324,,5.268748902,,,3.186027216,
Tyler Matzek,1065,4.072433229,3.906904194,,4.40146026,,5.292500221,,
Sean Doolittle,866,4.072646275,3.835450216,,4.042538047,5.813287896,5.401694668,,
Yohan Ramirez,436,4.081346443,4.644225743,3.364898366,3.539558382,,,,
Shane Bieber,1559,4.082244873,4.022142662,,4.060363292,4.703112254,4.01773741,4.751001759,
Nabil Crismatt,1337,4.085572665,5.29862176,5.43820789,,3.547051292,4.51013206,,
Heath Hembree,1090,4.089233398,5.163768341,,2.939642756,,,,
Ranger Suárez,1614,4.099574251,4.742101982,3.874842323,3.805082724,4.003772325,,,
Codi Heuer,1049,4.100492874,4.99881181,3.935929698,3.695156369,3.989038557,,,
Brent Honeywell Jr.,78,4.101297525,6.194198315,,,,,3.916372776,
Austin Gomber,1851,4.101651142,4.787083689,,3.290842857,3.706027126,4.070728004,,
Miles Mikolas,709,4.107778179,4.496401381,4.093976307,3.433108241,3.553558197,4.755516489,3.179623333,
Tylor Megill,1554,4.110459452,4.326694008,,4.446812543,3.233462989,5.358957303,,
Sean Manaea,2980,4.116080245,,4.288499026,,3.713011946,4.208548355,,
Bailey Falter,552,4.117767334,3.417761614,4.313101906,5.164520689,5.076624397,,,
Fernando Abad,299,4.11806704,7.785031565,4.201321419,,3.994682169,4.00638555,,
Joe Musgrove,2938,4.120081397,5.053914658,5.349876059,3.197347901,5.738159119,4.128963568,3.787213096,
Trevor Stephan,1210,4.120300454,5.127459778,,2.242435087,6.126760483,,,
Luis Patiño,1365,4.121613733,3.967158563,5.493425383,3.916226416,5.900159203,4.529611907,,
Kyle Tyler,190,4.125672108,,,4.34560633,,,4.821281909,
Marcus Stroman,2741,4.131874127,4.284749181,4.455908606,3.015619517,,3.293054243,3.614736541,5.34094415
Aaron Civale,1909,4.13691511,5.109830938,6.681487108,2.844240456,4.831634925,3.558371308,2.571827932,5.527342899
Chasen Shreve,936,4.142706516,4.354183915,,3.614670468,,,,4.354645774
Joe Ryan,412,4.144675541,3.677488482,,3.896795125,5.802831792,6.384273224,,
Tarik Skubal,2547,4.147409575,4.415984093,4.174188352,2.549122983,5.382194668,5.262411027,,5.539519974
Andrew Heaney,2330,4.149378916,3.709917877,,,5.447977211,4.89647099,,
Vladimir Gutierrez,1831,4.151875011,4.657219523,,3.622618731,3.500117139,3.99087048,,
Génesis Cabrera,1195,4.153428432,3.636701968,5.161208321,,4.075558995,4.559961057,,
Bryse Wilson,1136,4.158929773,4.101824378,4.222208661,5.117363936,5.24430869,3.178001981,,
Joe Ross,1700,4.170639038,4.736448857,4.291332197,3.468492481,5.29358929,,,
Austin Warren,306,4.170732092,4.718926948,4.005271246,4.533159719,,,,
Tucker Davidson,303,4.173720932,5.266369864,,2.700838643,,5.081942219,,
Eduardo Rodriguez,2721,4.175276581,4.407574619,3.861673852,3.945830545,3.498457292,,4.830655793,
Jacob Webb,568,4.176897067,4.682935622,,,3.310000144,6.046697018,,
Victor González,557,4.178673222,3.592720507,4.965408194,4.020793264,,,,
Clay Holmes,1124,4.189041574,,4.377807619,3.267212102,,5.297258097,,
Jesse Chavez,528,4.193550336,,4.789730332,4.158426545,5.536606022,,3.8493429,
Tommy Milone,241,4.200988497,4.758672881,,6.80621131,2.848815254,5.155578145,,
John Brebbia,332,4.203637557,4.883696928,,3.701019801,,,,
Jordan Zimmermann,82,4.205060173,,4.907646979,6.306427965,,,,
Alex Wood,2195,4.212413494,,4.480956487,3.605743318,4.516300377,,,
Zach Plesac,2205,4.215165753,4.701928617,,3.712375336,3.669319794,4.635983255,,
Brooks Raley,865,4.218318394,7.232527121,5.291322734,2.964076399,7.146070237,4.350566893,3.818084718,
DJ Johnson,72,4.222952623,3.852716285,,,,7.304561057,,
Patrick Corbin,2750,4.232309049,4.783877242,5.024118288,3.301761415,3.517390654,6.25010671,,
Tyler Mahle,3196,4.237121582,3.934181561,,4.385367893,,,,4.968574179
Burch Smith,678,4.238834557,4.157966579,,,5.426827286,3.79729182,,
Travis Bergen,188,4.240627527,4.289457094,,,,3.90696162,,
Julio Teheran,90,4.249370193,,5.400319934,4.563998858,,,,
Kyle Freeland,1886,4.249739842,3.95012165,4.484612165,4.149647265,5.077896785,3.808070424,,
Luis Garcia,2502,4.249918794,4.584518562,,3.576999,4.037973087,4.462488254,3.972578106,
Erick Fedde,2410,4.254921112,4.03150337,5.525484415,,4.790299506,2.822027542,3.271313848,
Carlos Carrasco,889,4.256076505,4.763055797,4.627379063,4.126325906,3.402419681,4.81054524,,
Ryan Brasier,197,4.256115278,4.270257347,,4.595963799,,,,
Lucas Sims,815,4.257086571,4.084297908,,4.009346411,,4.88451486,,
Lucas Luetge,1242,4.259481685,3.675800584,,4.268788314,,5.142721667,4.177487446,
Huascar Ynoa,1482,4.260074154,5.296702797,7.209817287,3.03680826,4.944237965,,,
JT Chargois,876,4.262093112,7.043262066,4.330803868,4.023234276,,,,
Sonny Gray,2228,4.263564387,4.323213147,4.840875859,3.635727259,4.969594714,3.781156322,4.499843091,
Michael Fulmer,1183,4.266496722,4.796573718,4.734085967,3.401457758,5.326627077,4.817750995,,
Wyatt Mills,230,4.270520662,5.610983043,4.378651802,3.852237137,,,,
Will Smith,1079,4.27160824,4.955045869,,3.60704469,,3.841833168,,
Lou Trivino,1177,4.272154657,4.709435029,3.848377987,,3.398144528,4.816907777,4.697786488,
Michael Rucker,490,4.276661144,5.152374615,,3.842904763,5.162988908,3.380683203,3.832153254,
Wade Miley,2592,4.278094145,6.04569672,4.175661113,4.273633355,3.698522176,5.669281313,3.890850648,
Joel Payamps,826,4.27834598,4.456963003,5.126096778,3.776208589,3.833000578,,,
Héctor Neris,1243,4.280271795,4.50531605,4.20074708,3.848148977,,,,4.141845568
Domingo Germán,1579,4.281988422,4.464033123,4.557567736,,3.549457834,4.506417343,,
Noé Ramirez,579,4.288519541,4.805692341,,,5.220116606,2.978796703,,
Robert Stephenson,767,4.290368785,4.80181107,,4.369421575,,3.347293567,,
Darien Núñez,127,4.293022653,5.728319355,,,3.303519411,,,
Cole Irvin,2682,4.296911393,4.596084317,5.041137282,3.420996188,3.702587783,3.934679086,,
Edgar Santana,610,4.303174138,,4.561709789,3.842718748,,,,
Michael Lorenzen,481,4.307900527,3.733519153,5.247404058,4.322006946,5.9529756,,3.6173865,
Luke Weaver,1109,4.310852051,4.449034886,,,4.108469665,6.448397564,3.352665067,
Jeurys Familia,1017,4.314204527,6.481085482,3.702325282,4.389049238,,,,5.26439672
Pierce Johnson,1045,4.315361803,,5.404852668,,,3.884563398,,
José Marte,84,4.318488121,,5.987040437,4.367456102,,,,
Randy Dobnak,765,4.318586751,5.207800951,3.884137663,4.727215996,4.293207028,,,
Josh Tomlin,808,4.321626818,4.925119036,,,,5.054391833,4.099188684,
Félix Peña,65,4.322319031,,,12.21524943,,,,
Kyle Gibson,2881,4.322358855,5.728718484,4.591927916,3.738054529,3.667339364,3.669573538,4.112387166,
Carlos Hernández,1434,4.323077369,4.466796788,3.989614247,4.527653559,4.502346152,4.182287389,,
Blake Parker,713,4.324603132,4.638618456,,,,5.346761495,4.528988081,3.802662466
Germán Márquez,2788,4.336731974,4.957419651,5.023206644,3.161378152,5.903418244,3.99540009,,
Anthony Bass,959,4.337493896,4.283769892,5.236825203,3.653085334,,,,
Pedro Avila,84,4.339398861,4.710599379,,,9.089553253,,,
Blake Snell,2347,4.340352903,4.442607392,,3.426161261,4.9531408,5.137065051,,
Kyle Hendricks,2809,4.343607023,5.175292096,4.652202824,,3.463083008,4.092169843,,
Carlos Estévez,1007,4.344643423,4.768707847,,3.13281135,3.848523915,,,
Kolby Allard,2054,4.347559801,4.425004702,,,4.943028301,5.324482674,3.418087468,
Ryan Tepera,948,4.348175215,4.721361453,5.37478143,3.525042603,5.259675454,,3.732573388,
Johnny Cueto,1878,4.35093618,4.08241892,4.444813297,4.881780232,4.328222653,4.329515828,,
Shaun Anderson,437,4.350994982,5.502480842,,4.03143957,,,,
Andrew Bellatti,83,4.352899933,10.62619689,,,,,,
Dylan Cease,2957,4.357091892,4.866024636,,3.515897862,4.41589761,4.457180168,,
Eli Morgan,1414,4.359950962,4.745247061,,4.513059172,3.304637383,5.419272123,,
Ljay Newsome,276,4.360384941,4.408919516,,,4.205958658,4.404937066,,
Yusei Kikuchi,2562,4.362044608,4.324060678,,3.697498809,5.125689058,,4.542087853,
Danny Coulombe,529,4.365255708,5.13233524,2.500329382,4.107746563,,4.420487418,,
Anthony Banda,610,4.366020731,4.236005487,,,4.188280088,6.505362822,5.583575713,
Jack Flaherty,1353,4.367914338,4.293168289,6.384236053,3.866546416,6.986276698,4.525445936,,
Ralph Garza Jr.,485,4.369330605,5.670703168,4.749153055,,6.912271221,2.810054846,4.735544743,
Hoby Milner,393,4.373425176,,4.430598346,,7.653712486,4.051038766,,
Mike Mayers,1236,4.374931641,4.031872273,,3.789287623,,,5.411205762,
Garrett Richards,2331,4.377723954,4.647469853,,4.060530902,3.507609792,4.576330864,,
Mike Foltynewicz,2236,4.381143474,5.006361107,4.556284255,3.563854406,4.986848302,3.639641119,,
Tanner Roark,131,4.388495581,5.177408568,6.378455076,4.247035989,,5.015692791,,
JoJo Romero,171,4.38946067,4.579919846,4.617931938,5.43257097,3.11545429,,,
Adam Ottavino,1146,4.390278478,5.429195313,6.113279323,3.256968275,,,,
Merrill Kelly,2425,4.396004979,4.769025269,4.517250094,,4.468738473,3.96269897,3.839260517,
Zac Gallen,2102,4.39818028,4.900507862,,3.87755777,3.411176498,3.716628522,4.638508898,
Joakim Soria,605,4.398697717,4.160057707,,4.520292307,5.165425756,5.431712323,,
Deolis Guerra,1086,4.400344152,5.177161955,5.42915828,5.0595916,2.479033833,5.890526508,,
Miguel Yajure,239,4.409611003,5.084162632,,4.939655573,5.428065129,5.193250651,2.284460959,
Trevor Williams,1537,4.411124764,3.929056437,4.374225755,4.854221428,5.96217914,4.197112165,4.28466329,
Albert Abreu,642,4.417461465,4.469354914,4.727525761,4.437193692,3.786394749,,,
Mychal Givens,873,4.421173395,3.99152926,,3.52569626,5.433071996,,,
Riley Smith,1071,4.422935259,,4.788115898,2.577653999,4.554898251,4.336606194,3.47209594,
Luis Gil,532,4.424712441,4.654035805,,3.947553355,5.413073233,,,
Jake Cousins,533,4.429615784,,5.703269296,4.020104928,,,,
Brad Wieck,293,4.439116534,4.4707628,,,,4.589050344,,
Kenta Maeda,1775,4.43959098,5.650391676,5.93885671,3.305925857,4.69565838,5.154115368,,4.356540055
Marco Gonzales,2324,4.442008369,5.756436459,4.280658976,,3.329902901,4.920149812,5.671332288,
Dominic Leone,851,4.442597857,4.632189844,5.384106924,3.94768996,,,4.504383859,
Gregory Soto,1131,4.443418013,4.852129816,5.388887255,2.974492305,,,,
Nick Ramirez,314,4.444092047,,4.390542204,2.667852702,4.7015147,,5.159463497,
Griffin Canning,1080,4.444207374,5.170490506,,3.487869236,4.219297286,4.623745078,,
Ryan Borucki,369,4.444925872,,4.775937743,4.046006783,3.751038511,,,
Taijuan Walker,2547,4.451844413,4.713589919,4.991292068,3.451380222,,5.150439101,,4.158732887
Anthony Swarzak,199,4.453011487,4.398077424,,4.702913217,,,,
Dinelson Lamet,832,4.453857097,5.755083721,4.730743848,3.327314883,,,,
Grant Dayton,250,4.456569085,3.835996147,,,,5.90761531,,
Tyler Gilbert,600,4.457503891,4.8316004,4.085909183,,,6.071437753,4.140030373,4.734015465
Matt Peacock,1323,4.458677196,,4.911083854,3.574203382,3.532528979,,,
Taylor Hearn,1726,4.461903532,4.43229747,4.672956297,3.264769999,6.211309158,,,
Joely Rodríguez,775,4.465263641,5.684254928,4.14347233,7.096882461,4.261438485,,,
Corey Kluber,1338,4.466824722,5.829311922,6.107329268,,5.193041972,3.092973092,3.851041054,
Brooks Kriske,194,4.474037058,5.279796902,,,,,,5.406629562
Chris Archer,327,4.477623644,5.060865312,,4.376570247,4.76141746,,,
Hansel Robles,1185,4.482431163,4.067054058,4.361656144,3.928220796,5.53740713,,,
Cristopher Sánchez,211,4.483913823,,4.298122786,3.567070005,5.70538169,,,
J.B. Bukauskas,286,4.488922119,5.199736172,,4.087163618,3.943319505,,,
Ryan Hendrix,540,4.493657323,5.968642662,,3.39877703,,,,
Drew Anderson,352,4.495586048,4.375370906,,3.963100009,4.841870989,5.209465443,,
Ronald Bolaños,106,4.502757725,5.926079513,5.446348123,4.125686859,,,,
Ryne Stanek,1166,4.504411502,4.922419031,,4.005090713,,,,3.776411002
Miguel Castro,1228,4.509373091,,5.71650733,3.052331161,4.507784176,,,
José Suarez,1650,4.510592496,4.543455586,6.060404977,8.65529479,4.539410717,3.820243913,,
Sal Romano,437,4.512595825,,4.610348012,4.915646697,,,,
Jimmy Herget,299,4.512914658,5.27300301,6.515071157,3.076560272,,3.525552289,,
Tommy Nance,456,4.513476882,6.011262269,4.498011619,3.701480138,,3.800514708,,
Daniel Bard,1217,4.515891138,5.953188453,5.687048651,2.836435564,6.793752614,,,
Robert Dugger,461,4.516665867,4.895986447,5.346818321,4.937287229,,4.081561812,,
Adrian Sampson,554,4.517142386,,4.571754795,3.76679482,5.807596977,,,
Cal Quantrill,2357,4.523117779,6.074583833,4.893251548,3.847054392,3.649429471,4.414272207,8.298426501,
Luís Madero,214,4.524474144,7.217229918,,3.199672464,7.065497314,,,
Cody Reed,148,4.525819055,,5.856851036,3.872487722,,,,
Justin Topa,88,4.533676529,,6.052307398,2.440429254,,,,
Ashton Goudeau,564,4.534360275,5.192423986,,,3.671641579,4.200190072,,
Michael Pineda,1707,4.546404676,5.017603334,,3.97849595,4.010623879,,,
JT Brubaker,1944,4.557366502,5.361751154,4.982476383,3.381763083,5.378899623,5.089741227,,
Zach Pop,936,4.562627932,7.639597823,4.759774525,3.805460021,,,,
Hunter Strickland,981,4.563394026,5.337262774,5.029802227,3.664585917,,,,
Kendall Graveman,871,4.564431054,3.545392812,4.887226512,3.328242608,6.862164756,,,
Nick Wittgren,1018,4.56614122,4.553535099,,4.755632437,4.439260635,,4.727773364,
Mauricio Llovera,145,4.567559052,6.512326761,,4.649649925,,,,
Aaron Slegers,570,4.568013345,6.434585491,3.739268904,4.207197374,6.12600473,,,
Ryan Helsley,805,4.56885765,4.749148635,,,6.831953962,5.079103263,4.04118283,
Josh Staumont,1096,4.574788825,4.563030999,4.384136744,,,4.717512451,,
Darren McCaughan,147,4.578637441,,5.711514021,4.730730412,7.173871358,,,
Kyle Finnegan,1209,4.579200976,,4.853207493,3.85908414,,,,4.186499599
Zack Burdi,177,4.579499817,4.90504924,,3.817166454,7.631925167,,,
José Cisnero,1067,4.581604169,4.372510794,5.115719115,4.472020481,4.702572615,,,
Sergio Romo,1043,4.587751564,5.650039498,5.404910941,3.709885194,6.709312948,,,
Carlos Martínez,1281,4.589351762,5.389523905,5.183008721,4.132525491,4.911584147,5.365737883,3.518769016,
Zach Thompson,1194,4.589486084,6.214835338,3.860001354,,5.03954578,4.464239519,3.398054169,
Aaron Northcraft,129,4.590874195,,6.886311293,,,,,
Marcos Diplán,512,4.59255422,4.430803102,,,4.95143969,5.282317142,,
Justin Steele,964,4.595660829,4.544367445,6.196029627,3.924691201,,3.750978773,,
Patrick Sandoval,1444,4.602387176,4.989065107,5.784239235,3.585791735,4.355949997,4.462912348,,
Thomas Eshelman,441,4.602816203,7.038558855,4.931739945,3.687035615,5.181689478,3.728371886,,
Alek Manoah,1845,4.605328278,4.441987898,5.459943845,3.762995646,5.336808672,,,
Chris Stratton,1374,4.605463365,5.245380509,,4.126251011,4.862754203,3.521615902,,
J.B. Wendelken,749,4.60880693,5.141772558,5.074499692,3.843111008,4.211297073,,,
Justin Dunn,870,4.610940996,5.234659916,,4.976716656,,3.5787788,,
Jordan Sheffield,456,4.612626509,4.748429631,,4.061362558,4.684795418,,,
Gabe Klobosits,194,4.61268223,5.480499161,,4.113967584,,,,
Bruce Zimmermann,1105,4.614047668,5.557566932,,4.305362491,3.487825384,4.241196055,,
José Quijada,499,4.618790565,4.44832659,,4.581777849,5.571669278,,,
Chris Devenski,145,4.620160883,7.756793174,,,4.5090499,,,
David Price,1178,4.622424234,4.879612066,4.324721496,,4.254322463,6.237109954,5.15119282,
Jordan Lyles,2964,4.625619846,4.632521743,5.386495762,3.81001421,5.574830461,5.068543834,,
Chris Ellis,482,4.629294309,5.29895104,,3.949027154,5.116313882,3.629521152,,
Logan Gilbert,2125,4.631469727,4.264158422,,4.644848967,6.362497474,5.965235203,,
Alex Cobb,1579,4.634365409,5.627291012,5.168131403,,,4.249830488,,4.084033368
Cooper Criswell,41,4.634879351,,9.501502669,,,,,
Austin Adams,962,4.635909455,7.254167726,,5.358934722,,,,
Jharel Cotton,541,4.639873173,4.979028807,,4.630003723,4.150194347,4.743311637,,
Kodi Whitley,401,4.64329569,5.270744103,,2.474104126,4.473870729,,,
Logan Allen,874,4.644817024,5.628468476,,3.229604065,5.478488191,3.932875983,,
Yacksel Ríos,458,4.646515916,4.683417609,5.127910889,3.585590544,,,,6.529517504
Ross Stripling,1686,4.648035351,5.367723486,,4.169269271,2.748445094,4.696933335,,
Jon Gray,2537,4.648995009,4.967243835,,4.045212135,5.348594354,5.121739173,3.702770636,
Conner Greene,447,4.652168174,5.566920777,4.459663175,3.713131656,5.455996296,4.147110027,,
Andrew Miller,620,4.657750448,6.985127355,6.048339401,3.720286639,,,,
Charlie Barnes,655,4.660056666,,6.264781975,4.731908594,4.284008155,,,
Trent Thornton,910,4.66237656,4.7332833,6.070168594,4.584112056,5.142738024,4.4244658,4.472476039,
Lucas Gilbreath,731,4.663431644,5.167094935,,4.152924658,,,4.520777721,
Humberto Castellanos,726,4.669789558,5.152338663,4.682558668,3.993196125,6.108868994,3.861234351,,
Mike Baumann,185,4.670794678,5.699976866,,5.653048223,,,,
Dusten Knight,186,4.671262594,7.11561375,,,4.475533327,5.39127656,,
Nick Pivetta,2745,4.671636372,4.771046271,,4.153561694,4.97981491,4.891885233,,
Austin Voth,1021,4.672903194,4.733561709,,,,4.522605345,4.903325828,
Kyle McGowin,517,4.675184631,6.532822716,4.750101412,4.379430437,,,,
Yoan López,215,4.67693432,5.224829037,,4.524096338,,,,
Anthony Castro,455,4.677829433,5.427625598,,4.409298188,,2.549050241,,
Justin Miller,295,4.67870371,4.595517669,8.116038032,3.134523981,,,,
J.P. Feyereisen,987,4.682734898,4.88381471,,4.864950285,3.997948999,,,
Jake Brentz,1106,4.683690548,4.639932828,,4.398169821,6.010869335,,,
Kyle Zimmer,934,4.685635319,5.25659907,,3.714717825,5.5419998,5.241628528,,
Matt Manning,1421,4.686232209,4.438827592,5.432582439,4.286540482,5.352442063,4.063198047,,
Chi Chi González,1635,4.691531922,5.136571363,4.834093229,4.389664082,4.017178644,4.087225531,4.370863527,
Eric Lauer,1956,4.694584536,4.618212174,,4.05757422,5.466069026,4.22692227,4.921465517,
Matt Harvey,2232,4.699085843,5.479872916,3.945871397,4.165490248,3.777184633,5.033908421,,
Madison Bumgarner,2294,4.701764291,5.259804199,6.106034007,,5.377071807,4.491311747,4.065880389,
Spencer Patton,705,4.70582136,5.001935932,,3.871805744,,,,6.327195236
Sam Moll,167,4.707160211,,5.002386348,4.411714224,,,,
Tanner Scott,1032,4.708754928,6.397420982,9.098899315,3.048904984,,,,
Ian Krol,349,4.712997437,5.937266735,7.119592735,3.553584857,3.758077736,5.458352548,,
Ryan Weathers,1617,4.714653767,4.625162665,5.474226009,3.977791844,6.303108685,,,
Sam Selman,494,4.717717285,5.959975135,,3.251814672,,,,
Josh Rogers,533,4.718431134,4.875806966,4.914070411,4.390878596,5.015559384,,,
Jake Diekman,1117,4.721410227,4.719150874,5.924061684,4.369829695,,,,
Trevor Richards,1061,4.722769149,4.582584226,,,4.936449082,4.87408181,,
Ian Anderson,2175,4.724108728,4.858102665,,,4.613368607,4.778552387,,
Kwang Hyun Kim,1784,4.72431221,5.110141603,,4.501428682,4.153296173,4.827591796,,
Chase Anderson,852,4.725127856,6.174750127,6.228310316,,2.555156593,5.4936138,4.717347994,
Josiah Gray,1213,4.726347725,5.035509298,,4.599872439,8.021170413,3.804827085,,
Rowan Wick,400,4.727109163,5.17437299,,,,4.659270495,3.856542115,
Jonathan Heasley,250,4.730827332,5.797237999,,,3.738653178,4.671817476,,
Max Kranick,674,4.734907348,5.274036166,,3.877809014,5.945155788,4.086098517,,
Keynan Middleton,530,4.736526489,5.27480077,,3.833763743,4.402050492,,,
Gregory Santos,53,4.736558914,2.811040231,,6.193735169,,,,
Brad Boxberger,1074,4.73829761,5.186541644,,4.195511774,4.353500465,,,
Alec Mills,1936,4.740688805,5.819462236,4.671829078,4.605676439,4.598404141,3.625747864,,
Dennis Santana,909,4.74891123,5.380283502,5.280889759,4.453000319,3.899839247,,,
Cristian Javier,1792,4.751714305,5.094038248,,3.415375416,5.316222814,6.329808607,,
Reymin Guduan,229,4.75211281,5.065796489,,4.200332248,,,,
Jhoulys Chacín,1070,4.753969183,5.736422671,6.038962518,3.577928199,6.133648249,3.791725554,,
Dallas Keuchel,2726,4.756964036,7.860490871,5.043626738,4.862321028,4.630904115,,4.12653385,
Jandel Gustave,294,4.759750921,6.003676145,4.781272232,3.897257423,,,,
Julian Fernández,117,4.763420963,5.518022304,,,,,,
Derek Law,292,4.76445109,7.129346426,,4.995912918,,5.465231403,,
Daniel Lynch,1257,4.76926467,5.182114922,5.783977553,4.276525397,3.93981824,4.684290362,,
Kohl Stewart,237,4.771377377,3.442218279,6.353124325,,,,6.306314029,
Keegan Akin,1768,4.771931217,4.678486704,,4.190294687,5.167367963,6.974535271,,
Tyler Clippard,410,4.772409138,4.352488518,6.158270972,,3.486167598,5.461389297,,6.831590479
Sean Guenther,360,4.779994152,5.559372174,,3.611165494,4.731186648,,,
Martín Pérez,1860,4.781499495,4.637492677,4.486410922,,5.034942912,4.956666471,4.833846193,
Luke Farrell,473,4.783609957,6.754079964,,2.94054087,,6.150349299,,
Jakob Junis,627,4.784389173,5.14683708,4.926552375,3.344832426,5.072551004,,4.616776059,
Miguel Sánchez,470,4.785084358,5.669562761,,6.427670834,4.089669191,,,
Hyeon-jong Yang,592,4.787254477,4.88313999,,4.804999856,4.556722698,5.1762939,,
Sean Reid-Foley,371,4.789049333,4.573770347,,4.479586514,6.639258375,,,
Austin Davis,473,4.79477344,5.139781842,,4.801179756,5.621177414,3.792088403,,
Ramón Rosso,144,4.796490192,5.919417437,,3.677335403,,,,
Tayler Saucedo,432,4.796527119,4.651296675,5.168569263,3.342643457,6.639182192,4.4630208,,
Drew Smyly,2139,4.79911242,4.916299535,,,,4.263145858,6.304593045,
Tyler Zuber,506,4.80268283,5.275018593,,3.624035834,5.083732343,6.621634867,,
Triston McKenzie,1975,4.807359823,4.535541409,,5.355328772,6.376673086,5.114391761,,
Brad Hand,1076,4.810219834,5.793614692,5.098442183,3.809434599,,,,
Jesse Biddle,186,4.814474344,5.644286686,,6.110030293,,4.242955844,,
Jay Jackson,391,4.816917537,5.821393852,,4.607399585,,,,
Kyle Ryan,225,4.823374557,5.500487259,4.751466036,,,2.467563039,5.306544748,
Reid Detmers,379,4.825555248,5.182667155,5.321334792,4.391756265,,5.441422788,,
Nate Jones,309,4.829568963,3.888588063,5.629886326,4.163466316,,,,
Brett Anderson,1508,4.837348302,,5.394418815,4.34989753,4.280243293,4.139167557,5.392279958,
Jake Odorizzi,1847,4.844065381,4.823618898,,3.751280602,,4.435534508,4.394403232,5.658049402
Ervin Santana,1063,4.845733954,5.575746051,,4.217825156,4.855010996,,,
Bryan Shaw,1367,4.849927179,,,5.229133398,7.263374974,4.607297647,4.765968455,
Justin Wilson,604,4.852475335,4.898064461,,4.658783553,,,4.809521775,
Adonis Medina,137,4.854094132,7.07027134,6.944778462,3.388518878,4.7487939,,,
Darwinzon Hernandez,754,4.859308243,5.068762671,,4.381500573,,4.027770766,,
Yennsy Díaz,447,4.859890137,5.018809396,,,6.477632373,,,
Adrian Houser,2352,4.860351563,5.742352017,4.695053604,3.388579822,5.957310376,4.556650482,,
Jhonathan Diaz,237,4.862858405,,6.60430666,5.483430722,4.028469176,,,
Sam Clay,803,4.863433499,,5.42351848,3.007714585,5.700070998,,,
Juan Minaya,659,4.869384766,6.218449153,,3.101907908,3.669960984,,,
Michael Feliz,370,4.873158646,4.791747548,,5.415651715,3.663948481,,,
Kris Bubic,2202,4.873308387,5.235128979,,,4.346018293,4.739647029,,
Darren O'Day,189,4.87616694,3.941880047,,6.418235818,,,,
Touki Toussaint,820,4.88485321,5.945831448,5.323835363,,,4.800631974,,3.724924771
Javy Guerra,66,4.887739355,,5.467640634,,,,,
Alex Claudio,587,4.887918745,7.961760582,3.663973295,5.178356039,4.809226163,,,
Paul Campbell,468,4.889143753,4.97917223,,4.951330566,5.219778223,4.523118642,,
Wade LeBlanc,794,4.890124885,4.189505616,5.497133602,,4.997690798,3.181011605,5.412982446,
Connor Overton,274,4.890507242,5.591725813,5.269550108,5.414820585,4.399156643,,,
Andre Scrubb,354,4.897644948,,,,,3.813775822,6.34130414,
Trevor Megill,460,4.898184763,5.0103048,,5.851423111,,4.738991578,,
David Hale,461,4.900488853,5.274283658,5.311288369,,4.143169486,4.76528597,,
Daniel Castano,333,4.901937516,5.247088678,5.495515713,3.935693912,5.91118001,,,
Jorge López,2166,4.906841289,5.646292465,5.013495892,3.445211839,5.193048904,4.216598869,,
Tyler Kinley,1143,4.91007728,5.630146408,,4.336367397,5.478480619,,,
Keury Mella,50,4.913389206,11.69854573,,,,,,
Miguel Diaz,695,4.915112087,5.551359215,,,4.508093743,,,
Conner Menez,247,4.925837926,6.1160901,,4.624541657,,,,
David Phelps,189,4.926457805,4.656005364,7.218149896,,,4.694597354,5.296544883,
Duane Underwood Jr.,1176,4.930270554,4.985474218,4.913700338,,4.654466505,5.311834136,,
Brandon Bielak,835,4.938549805,5.026413744,5.785784728,4.73021599,4.091069083,4.931494463,4.44433576,
Ryan Sherriff,278,4.939974872,,6.304285741,3.795506247,,,,
Ian Gibaut,104,4.94461441,5.365655054,,4.621703378,4.692515252,,,
Kyle Crick,434,4.946429004,7.186630531,,3.83605687,,,,
Peter Solomon,227,4.946652549,5.197830506,,5.278013987,,5.946557365,4.391370219,
Jordan Hicks,207,4.947891235,,5.662032674,,,,6.337536482,
Adam Morgan,442,4.952729777,6.264382021,5.052448956,4.308117689,9.478848009,4.441872051,,
Mike Fiers,152,4.959647451,6.324996157,6.920425104,3.404821116,3.895266724,,,
Stephen Strasburg,362,4.979829641,5.42551319,6.371592122,,4.67634613,3.58018595,,
Sam Long,732,4.995056027,5.287703517,,,5.910446167,4.557333252,,
Matt Andriese,855,4.998228086,5.059723107,5.910813663,,4.873142465,5.132101159,4.757018363,
Kyle Funkhouser,1189,4.998313941,4.153633634,5.325348868,5.035101467,5.622385956,,,
Spenser Watkins,960,5.001802212,5.504930175,,,4.886557416,4.810003721,4.341189929,
Sam Howard,846,5.002941216,5.998799592,,4.457172345,,,,
Chase De Jong,775,5.007210535,4.61826436,,5.562049332,4.483115415,5.384341982,,
Amir Garrett,828,5.008144245,5.9368181,,4.316713716,,,,
Blake Taylor,748,5.009543538,5.156986671,,4.644156055,,,,
Manuel Rodríguez,300,5.011904159,4.674614414,6.163553359,3.849312045,,,,
Will Vest,607,5.014093454,5.398492244,,5.425398581,3.995379363,,,
Jordan Holloway,664,5.014738295,6.361080086,10.88129514,3.309907555,,4.645214589,,
Andres Machado,627,5.015681472,4.695098466,6.355437477,4.642149311,5.542885708,,,
Packy Naughton,383,5.015900331,5.353568186,5.188385891,4.23693433,5.272491498,,,
Chris Rodriguez,505,5.016595048,,5.239116144,3.83619229,7.888450335,4.466669624,,
Tyler Duffey,1053,5.017594608,5.78443832,4.141134997,,,4.419948149,,
Andrew Wantz,483,5.018235369,6.338647233,,4.059501011,5.553051444,,3.38120507,
Dane Dunning,1909,5.020209899,,5.034080947,5.16164846,4.549606841,5.714682638,5.04054149,
Ross Detwiler,888,5.028697797,5.13505853,5.327649176,3.986073128,6.290438911,5.725878902,4.551446782,
Kyle Cody,209,5.032723146,6.091230071,4.179369921,4.814074853,3.382317159,,,
Jaime Barría,917,5.035263062,5.109201793,6.282175395,4.381044705,4.888521201,,,
Kohei Arihara,696,5.037892576,6.095241639,5.853043592,4.871268845,4.899699727,,4.037227817,3.515275111
Griffin Jax,1394,5.039000721,5.040079478,,4.75362364,5.241227337,5.900650583,,
Reiss Knehr,513,5.044098427,5.10167593,,6.925084132,6.454263982,,5.014863484,
Drew Hutchison,339,5.054649711,5.441538819,,5.140277695,4.585724823,,,
Josh Sborz,1079,5.06568107,5.409562603,,4.095303975,,5.772199363,,
Stephen Gonsalves,82,5.067725108,6.833891725,,,,4.994010086,,
James Karinchak,1032,5.075094016,5.322069852,,,,4.648515467,,
Brad Keller,2348,5.087529285,5.555565859,5.732383693,3.824697593,7.015983917,,,
Sam Hentges,1260,5.094352352,6.054411119,6.091087381,4.26694099,,4.099569506,,
Konner Wade,248,5.096424309,,7.149223121,,3.28880305,,5.086708292,
Garrett Cleavinger,356,5.10020913,5.59653403,,4.505844744,,,,
Jacob Barnes,570,5.102476608,4.422112375,,,5.496388452,,5.966951724,
Patrick Murphy,486,5.106064388,4.572692827,5.008221019,,,5.95869488,,
Shawn Armstrong,685,5.110155741,5.789644705,,4.605248409,,,4.196419836,
Archie Bradley,921,5.11083745,5.009365094,5.7361651,,4.914371876,4.998339497,,
Deivi García,153,5.111629028,5.878918631,,4.895473436,2.39189677,6.4893351,,
David Peterson,1122,5.112944641,5.109609949,5.565446014,4.956794014,4.559209838,,,
Matt Shoemaker,1064,5.114960223,5.546148477,6.109508745,4.457518324,,,,4.891037572
Brady Singer,2287,5.115793679,6.906018385,5.560519503,4.128175407,7.696055408,,,
Lewis Thorpe,251,5.117951103,5.828276067,,4.941017169,5.183583914,2.786985524,,
Paul Fry,872,5.121930619,5.129019978,,5.152502476,,,,
Ryan Hartman,46,5.123309817,6.201901357,,,,,,
Ryan Weber,160,5.125667835,,5.866160426,,,4.979510873,,
Sean Poppen,406,5.127495036,,5.459190706,4.61468051,5.337777076,,,
Nick Anderson,102,5.133594195,5.633649163,,,,4.08802398,,
Cody Ponce,712,5.13632096,5.972155695,,4.504477584,3.905348756,5.447495715,4.236671638,
Dylan Bundy,1524,5.141029021,4.992553918,6.546958281,4.80939044,4.463737826,5.041200377,,
Wily Peralta,1554,5.142819442,6.076435315,6.400506097,3.851376211,4.764341902,,,3.390159875
Tony Santillan,761,5.143835449,6.038939661,,3.993938502,4.231316229,6.127949217,,
Jimmy Nelson,523,5.150552684,5.954724144,,4.462967603,,5.20469719,,
José De León,347,5.156160112,,5.141546594,2.88302451,6.683284686,,,
Matt Moore,1254,5.169021815,5.466939732,,,4.111074904,5.208541422,5.46216899,
Greg Holland,997,5.173743699,5.968389713,,4.595451702,,4.901542387,,
Jake Woodford,1156,5.182944613,5.290442723,5.137094786,4.561907695,6.594019527,5.71221687,,
Paul Blackburn,681,5.186509373,6.430847541,6.032445789,,4.936650748,5.20660291,3.602790855,
Jon Lester,2380,5.190190153,5.23379513,5.742033922,,4.934630916,4.950305259,5.055774705,
Daniel Norris,989,5.190338135,6.012300767,,3.762144558,5.071001209,,,
R.J. Alaniz,71,5.195827961,,9.970372574,,,,,
Aaron Sanchez,595,5.19978678,6.426624991,4.463650595,,5.903757833,4.327994632,,
Taylor Widener,1217,5.212428233,5.142584937,,5.011259166,5.83811801,,,
Aaron Fletcher,86,5.212837393,,6.775572468,,4.978426925,,,
Wander Suero,761,5.21504724,,,,5.840937729,6.245393652,4.987883876,
César Valdez,757,5.216767684,4.821053927,5.030074584,5.888907649,5.254602554,,,
Alex Lange,639,5.234447158,6.19216111,,4.748807003,3.681796033,,,
Vince Velasquez,1750,5.235430822,4.913417994,6.794130844,5.601696354,4.985756873,5.801383742,,
Eric Hanhold,189,5.236076601,6.934077066,,3.143950465,5.854349643,,,
Alex Reyes,1249,5.237125239,5.62341647,5.653325111,4.091536999,5.467877327,6.336869439,,
Ryan Buchter,294,5.239730212,5.31523102,,,,4.679663606,6.761144465,
Alex Colomé,1102,5.244325608,5.624093908,,,,,5.086170006,
Mason Thompson,424,5.244848921,6.692025227,5.406225969,3.79673028,,,,
Justin Garza,503,5.248066215,4.476595877,5.968047318,3.832938422,5.240110965,,4.727746361,
Matt Foster,729,5.257715079,5.320225697,,4.700107648,5.756358647,,,
Nick Mears,452,5.266773115,4.791280698,,,,6.155963016,,
Glenn Otto,448,5.268637848,6.069107181,,3.980802461,5.284824287,5.856423747,,
Caleb Smith,2067,5.27219496,5.636840531,,4.723929363,4.660545656,6.373002905,,
Brad Peacock,95,5.280984521,4.837830126,5.488298535,5.440680327,5.776663028,,,
Ty Tice,142,5.282695293,6.912022375,,3.167406208,,5.912491597,,
Steve Cishek,1255,5.284673923,4.549586139,5.101481378,5.890781663,,,,
Kyle Barraclough,268,5.291408832,6.009827457,,5.440224808,,3.061938084,,
José Ureña,1695,5.291577068,6.23977481,5.124809339,4.031450138,6.717059528,,,
Hirokazu Sawamura,946,5.295412459,5.905821145,,4.521937409,,,,4.893962593
Miguel Del Pozo,80,5.313866973,5.443391204,,,,5.649191429,,
Brandon Waddell,213,5.316507339,7.238076664,,4.329676878,,,,
Dean Kremer,986,5.328659721,5.315570485,,,6.92821229,5.963557297,4.367566731,
Brandon Kintzler,510,5.332579538,,5.200315175,5.415894807,6.943873615,,,
Keegan Thompson,966,5.332593155,6.079742921,,,7.055623736,4.841552405,4.435805674,
Travis Lakins Sr.,501,5.341837747,6.257254749,,,5.241227215,4.263699738,5.226113292,
Francisco Perez,122,5.35233078,5.874541847,,6.191023757,,,,
J.A. Happ,2674,5.354327646,5.568089638,5.419977868,4.625053396,5.057152645,7.011530412,,
Kyle Muller,677,5.359572809,6.686975362,,3.549690967,,6.654239714,,
Shawn Morimando,199,5.361276811,6.264783099,,,,7.129861572,5.138815034,
James Kaprielian,2024,5.390125296,6.121867337,5.026978194,4.412375565,4.973087801,3.826834279,,
Cody Poteet,549,5.390328449,5.421088383,,4.686065562,5.979318137,5.751831334,,
Anthony Kay,649,5.392705332,4.906130655,,6.304895497,6.599361909,6.607313616,4.970107902,
Andre Jackson,199,5.398905618,6.640337415,,6.011223853,4.918796572,,,
Isaac Mattson,91,5.409095764,8.203795242,,,,,,
Bryan Abreu,689,5.41561932,6.339728453,6.656470829,4.239828656,,5.390425504,,
Jesús Luzardo,1727,5.417380806,5.641173829,6.320361855,,4.950625753,4.89065894,,
Kyle Keller,654,5.425267181,6.279715303,,,,4.52440221,,
Wil Crowe,2171,5.429339774,6.259415291,5.899405257,4.309651711,4.402313086,6.554070003,,
Cionel Pérez,454,5.431074142,5.470223901,,5.111628675,6.286918117,,,
Joey Lucchesi,646,5.434242713,,5.673093195,,,5.027309374,5.587072204,
Phillips Valdez,684,5.441696167,,6.44923138,4.597857451,4.794900635,,,
John Gant,1975,5.44576416,5.197487613,5.774973204,4.816471382,5.001149537,5.566130583,5.945638486,
Zach Davies,2577,5.467996133,,6.057894635,,4.386372713,5.30150071,6.248609742,
Alex Young,912,5.471777696,6.297895972,5.276516662,,5.689479555,4.703664746,5.952253821,
Junior Fernández,372,5.475049911,,5.964684697,4.902335644,5.119848633,,,
Jimmy Lambert,246,5.481738751,5.345104607,,5.602721756,7.070150296,,,
Alec Bettinger,199,5.48390274,5.225899933,,6.181671274,,7.990083891,,
Chad Kuhl,1436,5.485592158,6.53760481,6.604455651,4.3748152,6.460102564,6.151366298,,
Shelby Miller,273,5.490967399,6.464295764,,4.595398968,,,5.179980329,
Steven Brault,498,5.496696564,6.092001481,7.364122537,4.560624441,4.253753199,5.238586378,,
Ben Bowden,674,5.502483617,5.577926552,,6.210478894,4.550164135,7.149160155,,
Alex Wells,754,5.504074574,5.951315403,,4.371602914,5.104146542,5.693963392,,
Sean Nolin,499,5.504529762,6.155764943,,,5.128125269,6.149042948,4.293123996,
Wade Davis,769,5.509928584,5.873976353,7.160296504,,,5.948654348,4.770505425,
Johan Oviedo,1086,5.52482809,5.939304583,,4.32908193,6.816629172,4.905949718,,
Andrew Albers,365,5.525746396,5.51781964,5.440113008,5.127749708,5.564947958,6.687934886,,
Ryan Feltner,142,5.540358895,6.970785374,,5.587027637,,,,
Eric Yardley,315,5.544515337,,5.184790819,,7.879219383,6.099016978,,
Jefry Rodriguez,412,5.547904446,5.947097276,6.251002127,,,4.331961971,,
T.J. Zeuch,286,5.551911418,,5.537915717,5.694899783,8.289122124,,4.364858804,
Justus Sheffield,1470,5.570675798,9.021898945,5.592907729,4.816694969,6.078286566,,,
Mitch Keller,1858,5.575772519,6.169923868,,4.442705701,5.986003826,4.996379541,,
Edwin Uceta,361,5.582411094,,5.432388138,,6.322479904,5.50692587,,
Brandyn Sittinger,80,5.584145818,5.809267394,,5.058862822,,,,
Dillon Peters,443,5.588436127,5.497013691,5.731072502,,6.807936031,3.292037948,,
Cam Bedrosian,468,5.595550537,6.074414063,,4.770733433,,,,5.544191895
Stefan Crichton,403,5.600255912,,5.793801588,,,6.619686637,,
Asher Wojciechowski,83,5.603487492,7.988567798,,5.210448557,,,,
Alberto Baldonado,215,5.611145496,6.151925729,6.095430808,5.51506506,,,,
Yency Almonte,871,5.618670057,6.089384785,7.301723099,4.725310655,7.202923341,,,
Scott Kazmir,207,5.627629448,4.985167196,7.201187339,7.908070564,5.381770168,,,
Zac Lowther,571,5.645464608,5.33393753,,4.939957419,7.262216709,5.249288963,,
Kyle Nelson,176,5.646589082,6.990291652,,5.523303138,,,5.483197307,
José Alvarado,1045,5.651674191,6.415153571,5.993745423,,,3.844791504,4.196405318,
Jake Faria,639,5.6531534,6.517727519,,4.558935285,,6.202838798,,3.568890616
Jake Arrieta,1746,5.662244642,,5.642098322,5.292220603,5.49192107,6.381490612,,
Enyel De Los Santos,697,5.675731011,5.46724048,,5.165713251,7.883087508,,,
Nick Neidert,598,5.679502541,6.298643095,,4.269069924,6.49680352,6.465648718,,
Jay Flaa,61,5.689234614,9.379548959,,,,,,
Brett de Geus,911,5.691278076,,6.130635653,,,5.543762831,5.195350305,
Josh Lindblom,342,5.69761322,6.356980115,,6.969611178,3.303281376,7.54038002,6.438644015,
Nate Pearson,301,5.6978007,6.172994939,,5.272518916,,,,
Edgar García,281,5.699891697,8.558225551,6.794198479,5.727377004,,,,
Jason Foley,198,5.701046359,,6.689761964,5.561583157,,,,
Trevor Cahill,665,5.703435949,6.321020921,5.998990527,,5.64734543,5.641695157,5.1668333,
Joe Jiménez,866,5.708323759,5.785488832,,5.557321586,5.764814068,,,
Héctor Santiago,491,5.719042621,5.904340285,,4.178073405,5.896150576,,,
A.J. Alexy,424,5.73214987,5.660651852,,5.450727906,5.932759615,6.450321519,,
Carson Fulmer,448,5.736449403,6.445997467,,,6.942852046,4.758645172,4.635257505,
Brad Brach,579,5.752267456,7.136404201,5.647860429,4.787228038,4.44709787,,,
Jace Fry,136,5.753565788,,6.055444864,,,6.393553948,8.118472658,
Thomas Hatch,166,5.775417055,5.535191069,7.226014375,,5.819127484,,4.806203804,
Edward Cabrera,482,5.788574026,6.248593543,,5.259177211,6.658137205,4.11388197,,
Shane Greene,468,5.794485388,,7.663908595,4.104661606,6.671978395,,5.206899374,
Robert Stock,168,5.796848297,6.541017448,,3.329459427,7.533686447,,,
Tanner Rainey,665,5.797161062,6.168517126,,5.117659841,,,,
Will Harris,135,5.810188929,,,,,6.247051312,5.867473719,
Seth Elledge,221,5.813665989,,5.786325018,5.877874751,,,,
Jeff Hoffman,1360,5.817658725,5.738162741,,5.896641084,5.82062135,6.345346738,,
Braxton Garrett,604,5.825442146,6.491722412,7.590260272,4.934834338,4.876612299,4.993398048,,
Adam Plutko,1014,5.834423359,5.734562823,,5.600930063,,6.329488754,5.98580527,
Justin Lawrence,326,5.843978577,,6.280906431,5.075972147,,,,
Kevin Ginkel,556,5.848455452,6.192193832,,5.394272843,,,,
Dillon Maples,565,5.857126114,6.51255446,7.721797668,4.501254863,,5.167161343,,
David Hess,367,5.860697937,6.274454523,,5.776008436,,,,
J.C. Mejía,982,5.892941031,6.401303909,5.727878859,5.170242167,7.512131758,5.556758675,,
Mike Wright Jr.,325,5.896253798,6.036353641,4.878685447,6.599700137,5.483783925,,,
Rex Brothers,998,5.899704267,5.96597423,,5.928939543,,,,
Patrick Weigel,93,5.901615143,9.607580423,,4.827216103,,,,
Spencer Howard,936,5.904318176,6.271366519,,6.302727932,6.518087093,6.197023119,3.331485322,
José Quintana,1240,5.909690736,4.841212019,7.022284605,,7.528277604,5.916646628,,
Humberto Mejía,421,5.931785697,6.275215786,6.628106994,4.450765855,5.172000795,7.085244749,,
Cody Stashak,308,5.944864801,7.315626282,,5.04269315,,,,
Taylor Williams,219,5.956252834,6.681166737,7.589083712,4.766755178,,,,
Tony Gonsolin,990,5.961633374,6.178109632,,5.726633943,,5.985939436,,5.796645083
Junior Guerra,1225,5.964103387,5.505714795,6.218931343,5.141367959,,5.976119979,,6.275242755
Wes Benjamin,461,5.969047098,6.488913334,,,6.878390842,5.742675683,5.441198725,
Carl Edwards Jr.,111,6.014668633,5.49379705,,,,7.573936373,,
Sean Newcomb,673,6.044791939,6.478886404,,,,7.970165168,4.034872194,
JD Hammer,405,6.084096527,6.664647174,,5.650611877,,,,
Dan Winkler,787,6.097642915,5.79576786,6.483774709,,,7.642911762,6.028227842,
Zack Britton,337,6.123475924,,6.179816955,7.087056193,,,,
Jason Adam,218,6.129355431,5.711896425,,,10.32706178,7.648001412,,
Angel Perdomo,354,6.142606399,6.121226837,,5.806953531,6.915009579,,,
Peter Lambert,123,6.166572122,5.572552024,,,7.133922925,7.012347229,,
Jerad Eickhoff,357,6.195749832,6.9113023,,4.715064652,5.672553504,6.942736326,,
Tyler Chatwood,591,6.236951828,7.906493866,7.29967317,,9.248454635,4.319167986,4.573789635,
Hans Crouse,131,6.249214172,,6.904066055,5.984127923,4.965558253,,,
Buck Farmer,726,6.256879267,7.198020422,,5.184459959,5.62469919,,,
Brandon Workman,515,6.278776441,6.48166635,,,,6.353799006,5.284203223,
James Hoyt,182,6.280201912,,8.205212901,6.295349345,,,,
Demarcus Evans,522,6.309800546,6.586700864,,5.720410806,,,6.012680989,
Jeremy Beasley,198,6.408380781,7.211493465,,3.459801427,8.272023072,,,
Jovani Moran,162,6.432388306,6.014157957,,,7.077913055,,,
Kyle Wright,133,6.433155261,7.136947632,10.13905921,7.231994629,,,,
Corbin Martin,342,6.455415249,6.655297985,,6.166827243,6.311676993,5.76143693,,
Seth Frankoff,260,6.457329317,7.450253604,,5.357845282,3.918740506,10.00534101,,
Ryan Meisinger,149,6.509580959,7.599914264,9.098842906,5.245363517,,,,
Jackson Kowar,631,6.520807287,7.18836342,,6.713709205,5.70650243,,,
Joan Adon,94,6.524731636,9.403461657,,3.868965075,,,,
Austin Brice,274,6.526386912,5.952990243,7.049031918,,,7.285546962,,
Thomas Szapucki,82,6.527396289,6.190299389,,,9.734312231,,,
Jorge Guzman,61,6.527578926,15.3147044,,,,,,
Jake Jewell,215,6.542314148,7.149244429,7.349337937,4.919327541,5.071811396,,,
Drew Carlton,73,6.55343888,,7.48303653,8.205676148,,,,
Zack Godley,88,6.557331848,,,,,8.315756989,8.406254768,
Daniel Ponce de Leon,653,6.557754822,6.920858627,,,3.812205894,5.497451168,7.743819727,
Rafael Dolis,605,6.567025185,,6.831789273,6.319971098,,,,6.230892282
Adam Kolarek,190,6.619787428,,6.371625264,5.642713308,8.499402122,,,
Cory Abbott,352,6.637992272,6.661475475,,8.030533415,6.974398435,6.953846389,,
Jake Newberry,100,6.658056406,8.387490297,,5.545550408,,,,
Bryan Garcia,731,6.675649869,,7.220113522,6.235597577,6.008955382,,,
Jordan Weems,134,6.682751824,7.593787648,,7.024042258,,,,
Luis Frias,68,6.692733765,7.632375755,,5.992434631,,,,
Jake Petricka,135,6.73808225,,9.531568501,,4.972943262,,,
Nick Margevicius,259,6.755915324,6.799931335,,9.537596173,,6.33706712,,
Clarke Schmidt,143,6.76596511,6.254150072,7.997171434,,7.501748115,5.63173671,,
Luis Oviedo,580,6.804957358,6.749787132,,6.223703617,7.115910738,7.401716852,,
Scott Blewett,92,6.930731201,7.046341941,,8.623394696,,,,
Mike Kickham,45,6.988839149,,,8.276256888,,,,
Beau Burrows,267,7.186011574,6.236280064,,8.521001836,11.31850526,,,
Jon Duplantier,270,7.193339421,7.891345617,6.817036622,6.36639781,7.406255007,6.684869282,,
Nick Nelson,338,7.256258942,7.053077609,,7.601474629,8.314035722,,,
Javy Guerra,148,7.418023427,9.77673216,,7.667977707,,,,
Alex Blandino,72,7.713760029,8.544472648,,,,,,
Riley O'Brien,42,7.823150396,14.2857529,,,,,,
Trevor Hildenberger,58,7.892445701,,8.840293188,10.43208986,,,,
Luis Avilán,108,8.05271225,,9.269293745,,8.565696217,,,
Tyler Webb,392,8.168498448,8.299850771,9.717446352,,7.088045303,5.868023279,,
Mac Sceroler,198,8.442949378,9.243030068,,7.031587725,,7.472185154,,7.580955948
Geoff Hartlieb,213,8.549663968,8.161068341,9.702477913,7.778965003,,,,
Wilmer Difo,59,9.233642578,13.9688439,,,,,,
Jesse Hahn,88,9.463992691,,11.76981059,,,6.920625973,,
Enoli Paredes,254,9.607089703,11.44170036,,5.004989601,,9.505334131,,
Elvis Peguero,64,9.67079871,,7.921984388,13.51818891,,,,
Brett Phillips,23,10.54311562,,,11.02234814,,,,
Albert Almora Jr.,28,12.56506443,,,14.65924184,,,,
Yermín Mercedes,32,14.64970875,15.626356,,,,,,
