Pitcher,Num_Pitches,PLA,FF,SI,SL,CH,CU,FC,FS,PLV,Quality Pitch,Average Pitch,Bad Pitch,QP-BP
Brusdar Graterol,291,1.937750571,,2.740229011,0.514785067,,,,,5.316643,0.536842105,0.189473684,0.273684211,0.263157895
Jacob deGrom,1135,2.532475864,3.186843543,,1.621611059,2.777028465,2.852644357,,,5.5782647,0.678571429,0.071428571,0.25,0.428571429
Devin Williams,431,2.788260566,4.570872523,,,1.729937742,,,,4.959574,0.474576271,0.129943503,0.395480226,0.079096045
Caleb Ferguson,304,2.788661139,3.03444464,,,,,2.283368872,,5.4956284,0.564315353,0.182572614,0.253112033,0.31120332
Blake Treinen,396,2.887185332,5.843878882,2.612246068,2.384582245,,,3.157316445,,5.6659007,0.579439252,0.214953271,0.205607477,0.373831776
Nathan Eovaldi,748,2.93227055,3.224752782,,,,3.618820296,1.993518614,3.392944694,5.319213,0.495238095,0.171428571,0.333333333,0.161904762
Gerrit Cole,1203,2.969127916,2.828125302,,2.481327669,3.51970998,4.065181287,,,5.1721406,0.47,0.145,0.385,0.085
Richard Bleier,218,3.00924202,,2.524605413,3.123761887,,,4.94522825,,4.4679174,0.238095238,0.333333333,0.428571429,-0.19047619
Ryan Thompson,419,3.02908161,2.844318652,3.605232429,2.629713501,,1.947474815,,,5.2798696,0.509009009,0.220720721,0.27027027,0.238738739
Caleb Baragar,349,3.036923081,2.976909678,,3.999082714,,,,,5.122677,0.528571429,0.128571429,0.342857143,0.185714286
Raisel Iglesias,361,3.111258797,3.987013518,2.39575284,2.554993625,2.639044488,,,,5.132809,0.45323741,0.223021583,0.323741007,0.129496403
Liam Hendriks,370,3.190490221,3.139259385,,3.529975381,,2.636054641,,,5.526923,0.384615385,0.346153846,0.269230769,0.115384615
Diego Castillo,320,3.192078693,,3.809059461,2.928877508,,,,,5.111988,0.449541284,0.256880734,0.293577982,0.155963303
Framber Valdez,1049,3.240916702,7.267711531,3.63558941,,4.092151137,2.078767641,,,5.01677,0.428571429,0.153061224,0.418367347,0.010204082
Adam Kolarek,252,3.271513086,,3.3983599,6.145692166,,,,,5.1209893,0.492537313,0.2039801,0.303482587,0.189054726
Victor González,290,3.285349987,,3.759552728,2.979500065,,,,,5.081461,0.473684211,0.210526316,0.315789474,0.157894737
Nick Anderson,237,3.3097584,3.074769648,,,,3.745760962,,,5.110693,0.481927711,0.192771084,0.325301205,0.156626506
Sixto Sánchez,559,3.332499186,4.530175269,3.796709726,3.003231469,2.355183962,2.28763768,,,5.638854,0.555555556,0.277777778,0.166666667,0.388888889
Dinelson Lamet,1046,3.409780309,4.43595238,3.910815276,2.604086372,,,,,5.1115904,0.489361702,0.138297872,0.372340426,0.117021277
Zack Wheeler,1078,3.413520061,3.188381078,3.030300369,3.687084874,5.002989357,3.600427665,,,5.1927238,0.467836257,0.198830409,0.333333333,0.134502924
Mark Melancon,323,3.416465984,,,,,3.997997602,3.350674944,,5.234027,0.474860335,0.240223464,0.284916201,0.189944134
Kenta Maeda,986,3.418875046,5.03659551,4.364407682,2.322734025,3.561565663,4.680232848,,,5.2036166,0.439597315,0.271812081,0.288590604,0.151006711
Joey Gerber,233,3.434762752,3.818722785,3.22038258,3.419170782,,,,,5.262078,0.493670886,0.189873418,0.316455696,0.17721519
Kevin Gausman,975,3.478548188,4.02158917,,3.903005735,,,,2.913208766,5.2141128,0.52173913,0.130434783,0.347826087,0.173913043
Yu Darvish,1153,3.481293126,3.419494554,4.80185272,2.670530275,,3.435058579,3.26995145,5.380213146,5.55082,0.539393939,0.218181818,0.242424242,0.296969697
Zac Gallen,1117,3.482814153,4.448961302,,,2.40766518,2.500645275,3.609033969,,5.2474403,0.44015444,0.239382239,0.32046332,0.11969112
Max Fried,899,3.494449888,4.075311318,3.050593477,2.495127657,3.916719818,3.347493583,,,5.133684,0.479591837,0.196428571,0.323979592,0.155612245
Luis Castillo,1153,3.498083714,4.662647753,4.001226431,2.925531778,2.339427909,,,,5.1923065,0.437275986,0.23297491,0.329749104,0.107526882
Clayton Kershaw,888,3.504201311,4.384878228,,2.918972744,,2.861879574,,,5.466559,0.514124294,0.192090395,0.293785311,0.220338983
Josh Fleming,470,3.516231419,,3.460422791,3.000748872,4.912136146,,,,5.3878517,0.532374101,0.194244604,0.273381295,0.258992806
Blake Snell,872,3.519599915,3.781526147,,2.22445149,3.424830629,4.046420567,,,5.810651,0.589147287,0.162790698,0.248062016,0.341085271
Dylan Floro,371,3.54782209,,4.3454629,3.78750053,2.11274353,,,,5.162843,0.418803419,0.230769231,0.35042735,0.068376068
Adrian Morejon,322,3.552100872,3.447344005,4.478692858,2.977150144,2.410643035,2.447880567,,,5.38491,0.583333333,0.208333333,0.208333333,0.375
Aaron Loup,341,3.563773804,,3.298965462,,3.834329135,5.345329908,3.323644506,,5.1979856,0.535294118,0.176470588,0.288235294,0.247058824
Phil Maton,379,3.565317007,3.565267627,,,,3.637091451,3.577875903,,5.398006,0.538461538,0.145299145,0.316239316,0.222222222
Jake McGee,332,3.567948889,3.678754755,,,,,,,5.286711,0.5,0.211180124,0.288819876,0.211180124
Aaron Nola,1148,3.574075431,4.392785106,5.417801605,,3.54132726,1.823184938,,,4.6899633,0.351351351,0.207207207,0.441441441,-0.09009009
Dustin May,866,3.575793675,3.124740942,3.661240424,,4.954829296,2.321096745,3.907403042,,5.1400313,0.479262673,0.184331797,0.33640553,0.142857143
Walker Buehler,600,3.590146013,3.309844767,5.734583681,2.546515785,,3.918215618,3.676545622,,5.2109194,0.477272727,0.204545455,0.318181818,0.159090909
Tanner Scott,345,3.605031783,4.508340789,,2.418168206,,,,,5.717888,0.574626866,0.134328358,0.291044776,0.28358209
Matt Strahm,308,3.608220993,3.693974948,1.133337383,4.916859029,7.490902833,3.77245506,,,5.13758,0.507462687,0.28358209,0.208955224,0.298507463
Darren O'Day,261,3.614069413,3.374654411,4.704391888,3.50516071,,,,,5.318617,0.5625,0.142857143,0.294642857,0.267857143
Mike Clevinger,649,3.618587036,3.302786528,,3.317214504,5.645679895,4.027017947,3.867928988,,4.55161,0.381818182,0.2,0.418181818,-0.036363636
Trevor Bauer,1165,3.63436806,3.150856593,4.349265192,3.784561779,,3.876959696,4.069983339,,5.127403,0.43776824,0.21888412,0.343347639,0.094420601
John Means,745,3.651651048,4.147862725,,3.798455518,2.389720066,4.039380282,,,5.7435493,0.570680628,0.188481675,0.240837696,0.329842932
Ryan Yarbrough,834,3.668295763,,3.972081513,,3.961424407,2.244317499,3.649007946,,5.077115,0.424,0.188,0.388,0.036
Elieser Hernandez,453,3.682017933,4.81179111,,1.280009042,8.536219827,,,,3.9020422,0.1,0.4,0.5,-0.4
Ryan Brasier,424,3.704835815,3.742333905,,4.120171884,3.495814311,,,,5.311627,0.5,0.239837398,0.260162602,0.239837398
Zach Eflin,913,3.706645384,4.189465379,4.104531735,3.290577434,3.677771353,2.311812247,,,5.043239,0.38,0.27,0.35,0.03
José Urquidy,429,3.708457432,3.853549486,,2.879580965,3.303900124,4.616875697,,,5.2697234,0.568181818,0.136363636,0.295454545,0.272727273
Shane Bieber,1238,3.714610922,4.087658854,,4.643638744,4.800340977,2.945052495,2.876946147,,4.887126,0.396226415,0.160377358,0.443396226,-0.047169811
Ryan Pressly,353,3.722882952,3.934294202,,3.828972414,,3.133600925,,,5.273416,0.51369863,0.205479452,0.280821918,0.232876712
Julio Urías,875,3.731644509,3.820512746,4.294407023,3.738776708,4.391439432,3.097853746,,,5.207167,0.526539278,0.184713376,0.288747346,0.237791932
Andrew Heaney,1085,3.745750122,3.564364688,2.192579452,,4.487281159,4.098057434,,,5.772212,0.67816092,0.091954023,0.229885057,0.448275862
Adam Morgan,219,3.752321097,6.233616589,4.261827397,2.576595788,4.439318584,,,,5.674517,0.6,0.18,0.22,0.38
Tyler Glasnow,964,3.754689416,3.811096114,,,4.366729311,3.574141849,,,5.2794356,0.535958904,0.184931507,0.279109589,0.256849315
Shane Greene,398,3.768551562,,4.060421487,2.709395139,3.555003921,,4.482592813,,4.9814696,0.437908497,0.189542484,0.37254902,0.065359477
Brandon Woodruff,1211,3.781742286,3.164748115,4.195124523,4.313555221,3.858036794,3.843732435,,,5.2364163,0.474178404,0.20657277,0.319248826,0.154929577
Scott Barlow,507,3.792993927,4.47053722,,3.941259945,,2.539625993,,,5.076487,0.455026455,0.17989418,0.365079365,0.08994709
Matt Andriese,500,3.815577507,4.215495927,6.737595797,,2.635648617,4.476147108,3.916434944,,5.04828,0.462857143,0.165714286,0.371428571,0.091428571
Taylor Rogers,358,3.831256104,,5.144236525,,,2.332048298,,,5.796002,0.64556962,0.170886076,0.183544304,0.462025316
Trevor May,411,3.833685412,4.158510102,,3.355762678,4.868982237,,,,5.2289233,0.472081218,0.192893401,0.335025381,0.137055838
Walker Lockett,230,3.845441624,,4.588489184,,4.727742915,4.26180116,2.402342596,,5.579906,0.523809524,0.214285714,0.261904762,0.261904762
Jonathan Hernández,497,3.856204864,,4.149335319,3.151902704,5.538437015,,,,5.107129,0.516949153,0.139830508,0.343220339,0.173728814
Cristian Javier,889,3.859809361,3.872668097,,3.632709261,5.408285286,2.888807096,,,5.5479884,0.564516129,0.161290323,0.274193548,0.290322581
A.J. Cole,390,3.869888633,4.743429268,,3.346260967,5.368948427,,,,5.421247,0.49,0.19,0.32,0.17
Jarlín García,284,3.897244263,3.580972785,2.825521385,4.257939347,4.542858715,,,,4.9225,0.46,0.14,0.4,0.06
Jakob Junis,394,3.89960801,4.375677027,4.264888063,3.451292454,,4.348504375,,,5.02453,0.360655738,0.31147541,0.327868852,0.032786885
Aaron Slegers,387,3.902677683,4.854668577,3.537219512,3.868126475,3.078966345,,,,5.2205873,0.443708609,0.284768212,0.271523179,0.17218543
Pete Fairbanks,490,3.903629208,5.186952788,,2.276222717,,,,,5.8303356,0.565,0.235,0.2,0.365
Anthony Misiewicz,328,3.913847351,4.88722031,,4.059723864,,3.415542393,2.963233396,,5.52586,0.56302521,0.18487395,0.25210084,0.31092437
Chris Paddack,963,3.920114808,4.822428034,,,2.022193831,5.005942715,3.703169618,,4.850473,0.408450704,0.169014085,0.422535211,-0.014084507
Rowan Wick,304,3.923112576,3.732748961,,,,4.655192751,3.115403953,,5.3535624,0.502923977,0.198830409,0.298245614,0.204678363
Yoan López,286,3.92453171,4.534872346,,3.772508938,,,,,4.8229237,0.423076923,0.217948718,0.358974359,0.064102564
Mike Mayers,512,3.93628006,4.977831467,,3.368894218,,,3.953139468,,5.436294,0.514767932,0.181434599,0.303797468,0.210970464
Adam Wainwright,930,3.941841087,5.369425492,5.820830441,,5.256171874,2.614004409,3.274989141,,4.2914276,0.230769231,0.221719457,0.547511312,-0.316742081
Sandy Alcantara,662,3.942004976,4.326317257,4.095674183,3.105743544,4.902355282,3.542302884,,,5.438197,0.543352601,0.167630058,0.289017341,0.25433526
Adam Ottavino,339,3.944486306,,6.512865698,2.154536723,,,,,5.869768,0.635714286,0.135714286,0.228571429,0.407142857
Javy Guerra,235,3.945703697,,4.204191121,3.85711904,,,,,5.3213434,0.46969697,0.227272727,0.303030303,0.166666667
Drew Pomeranz,323,3.946982247,4.307782201,,,,2.731477333,,,5.648214,0.53968254,0.174603175,0.285714286,0.253968254
Chris Martin,282,3.951970842,4.145997706,4.410424544,3.550469475,3.690441641,,3.685255946,,4.9854393,0.413461538,0.182692308,0.403846154,0.009615385
Rafael Montero,289,3.953793796,3.373287625,4.840530305,,5.721448805,,,,5.389054,0.52027027,0.195945946,0.283783784,0.236486486
Enoli Paredes,362,3.957197128,3.780660255,,4.617428492,,,,,5.081411,0.407407407,0.240740741,0.351851852,0.055555556
Evan Marshall,384,3.959755056,5.735636202,3.848277925,,3.00311653,4.122580907,,,5.5441775,0.557823129,0.204081633,0.238095238,0.319727891
Alex Claudio,331,3.96263765,,3.71987463,4.82678,4.247304246,,,,5.0092926,0.432432432,0.216216216,0.351351351,0.081081081
Riley Smith,250,3.964361572,,4.343683235,3.029141178,,3.870386589,,,4.7870235,0.394904459,0.191082803,0.414012739,-0.01910828
Jordan Romano,237,3.975968274,5.704223384,,2.81927861,,,,,4.6022916,0.395833333,0.1875,0.416666667,-0.020833333
Yimi García,241,3.978423055,3.832219356,,3.742598461,6.136885152,3.195064168,,,5.245782,0.5,0.194444444,0.305555556,0.194444444
Kyle Hendricks,1162,3.990000991,4.354898636,4.306948127,,3.485919642,4.024915674,,,4.860552,0.373584906,0.245283019,0.381132075,-0.00754717
Merrill Kelly,473,3.994519822,4.760196387,3.637829265,,4.031187432,4.113402477,2.588376037,,5.20268,0.486486486,0.202702703,0.310810811,0.175675676
Will Harris,349,3.994769258,,,,,4.589928925,3.82346869,,5.2489753,0.371794872,0.307692308,0.320512821,0.051282051
Marco Gonzales,1057,3.995174718,,3.715147196,,3.642244458,4.052554091,4.686503537,,5.18188,0.455114823,0.240083507,0.30480167,0.150313152
Deivi García,532,4.016277572,3.83237112,,4.962549353,3.535269805,4.745732488,,,5.271446,0.511111111,0.133333333,0.355555556,0.155555556
Nick Tropeano,242,4.01650587,4.017496753,,5.143508766,4.56367952,,,2.860938025,5.5015955,0.592592593,0.148148148,0.259259259,0.333333333
Tim Hill,348,4.026329041,3.007633747,4.802551219,5.443871544,,,,,4.985101,0.428571429,0.2,0.371428571,0.057142857
Tommy Hunter,410,4.045776883,,5.361876195,,,2.982167483,3.480799712,,4.76533,0.388235294,0.194117647,0.417647059,-0.029411765
Justin Wilson,345,4.051777985,4.203140224,,,,,4.685541385,,5.2101,0.492146597,0.214659686,0.293193717,0.19895288
Noé Ramirez,336,4.058830988,4.150461496,,,4.177313452,3.825764876,,,5.212721,0.490384615,0.134615385,0.375,0.115384615
Chris Bassitt,946,4.074511331,4.292763749,4.10182003,2.786418688,3.516364263,4.205583528,4.587828677,,5.030197,0.487465181,0.203342618,0.309192201,0.178272981
Charlie Morton,660,4.079791019,5.472374838,4.101208469,,,2.725809548,4.015916222,,5.6531215,0.600938967,0.154929577,0.244131455,0.356807512
Codi Heuer,374,4.086536569,,3.99679055,4.066488674,5.299240123,,,,5.1387258,0.508064516,0.173387097,0.318548387,0.189516129
Brent Suter,516,4.086544479,3.301205193,7.750338011,,5.579703281,5.611027369,,,3.9450364,0.285714286,0.257142857,0.457142857,-0.171428571
Kyle Zimmer,373,4.092065562,4.971375108,,3.235825002,,4.274588795,,,5.0815697,0.326923077,0.269230769,0.403846154,-0.076923077
Tyler Clippard,416,4.092757592,6.137941862,4.580504255,,2.21881509,6.829721911,,4.013368828,4.206463,0.206896552,0.103448276,0.689655172,-0.482758621
Germán Márquez,1226,4.101401068,4.853646436,4.915923475,3.417905793,4.550249813,2.950334644,,,4.8697457,0.433333333,0.166666667,0.4,0.033333333
Tanner Rainey,299,4.101613154,4.096572581,,4.109454525,,,,,4.9964547,0.418803419,0.170940171,0.41025641,0.008547009
Garrett Richards,788,4.103725285,4.229433786,4.853302463,3.875653802,,3.603182882,,,5.01757,0.469444444,0.188888889,0.341666667,0.127777778
Matt Shoemaker,446,4.106487185,3.637016669,4.703677242,3.177228495,,3.469066868,,5.03178368,4.760862,0.456692913,0.133858268,0.409448819,0.047244094
Daniel Bard,404,4.122250944,4.353524164,5.104950046,2.878946943,5.225907852,,,,4.784147,0.38,0.16,0.46,-0.08
Buck Farmer,341,4.129812241,4.808782677,,3.174121058,3.459270487,,,,5.334356,0.477477477,0.207207207,0.315315315,0.162162162
Daniel Norris,490,4.130264834,5.551125881,,2.588659886,3.257282556,,,,4.814389,0.369098712,0.210300429,0.420600858,-0.051502146
Sean Manaea,812,4.133050707,4.566440225,,2.64717409,3.374278567,4.693128559,,,4.821498,0.340206186,0.206185567,0.453608247,-0.113402062
Tyler Rogers,458,4.133819308,3.961379909,6.639475541,,,3.764239765,,,5.260862,0.487804878,0.146341463,0.365853659,0.12195122
Josh Tomlin,575,4.134931933,5.412704523,,,5.154795028,4.78441341,3.324440955,,4.588345,0.222222222,0.37037037,0.407407407,-0.185185185
Stefan Crichton,402,4.138292166,,4.294078488,,,4.509238118,,,4.9311686,0.466216216,0.155405405,0.378378378,0.087837838
Tanner Houck,265,4.139013851,4.706320442,3.113904004,4.608675923,,,,,5.4236255,0.507692308,0.2,0.292307692,0.215384615
Zach Plesac,776,4.141365327,4.394321596,,3.361099128,4.579231817,4.216777407,,,5.209743,0.45754717,0.226415094,0.316037736,0.141509434
Emilio Pagán,366,4.152446053,4.227694355,,,,,4.243487013,,5.1271667,0.469230769,0.2,0.330769231,0.138461538
Wandy Peralta,488,4.153166422,5.49628957,5.735451896,4.076200618,2.767316786,,,,4.7724924,0.379310345,0.172413793,0.448275862,-0.068965517
Chad Green,425,4.159765367,4.287212587,,4.679744802,,3.347121502,,,5.410869,0.576271186,0.169491525,0.254237288,0.322033898
Julian Merryweather,233,4.173453404,4.833140478,,4.162229286,,3.946054512,,,5.314255,0.470588235,0.274509804,0.254901961,0.215686275
Duane Underwood Jr.,335,4.174068943,4.799739517,,,4.107622725,4.26156353,,,5.1361036,0.452631579,0.189473684,0.357894737,0.094736842
Wade LeBlanc,367,4.176654873,,5.767723961,,4.309915329,4.574315772,3.406993312,,4.613098,0.408450704,0.14084507,0.450704225,-0.042253521
Trevor Rosenthal,381,4.179905206,4.286780292,,3.995410149,5.031746846,,,,5.0670853,0.455938697,0.206896552,0.337164751,0.118773946
Masahiro Tanaka,769,4.187433879,4.103866246,6.934568455,3.594022698,,3.254462251,,5.191623467,4.7574506,0.316091954,0.224137931,0.459770115,-0.143678161
Hyun Jin Ryu,1132,4.187550559,5.085230036,4.474761576,5.852834065,3.060061263,3.304609715,4.424037986,,5.4459696,0.55704698,0.161073826,0.281879195,0.275167785
Lance Lynn,1408,4.198433286,4.279445947,4.804428347,,5.955473089,4.637812044,3.289368942,,5.125908,0.481430536,0.191196699,0.327372765,0.154057772
Spencer Turnbull,963,4.209578032,4.43861699,4.884102704,2.889218468,3.309505436,6.821931408,,,5.583059,0.51,0.285,0.205,0.305
Luis Garcia,203,4.212608234,5.845873032,,,2.017290064,4.84456177,,,4.5906935,0.403669725,0.19266055,0.403669725,0
Dallas Keuchel,960,4.229351807,,4.937923416,4.466690408,3.957718555,,3.951259493,,5.0948668,0.417910448,0.152985075,0.429104478,-0.01119403
John Gant,240,4.233874257,5.285205548,5.724256727,,2.338604036,3.343445333,2.877283414,,5.710887,0.590163934,0.163934426,0.245901639,0.344262295
Aaron Civale,1201,4.239275133,4.891792426,5.622138628,3.812463549,4.95778859,3.862177437,3.158200569,,5.2188363,0.429133858,0.263779528,0.307086614,0.122047244
John Curtiss,384,4.239877625,4.58343804,,3.79345516,,,,,5.1705976,0.443113772,0.251497006,0.305389222,0.137724551
Jonathan Loáisiga,394,4.241061003,4.11305324,4.685950514,,4.422968304,3.855782598,,,5.1104417,0.5,0.148148148,0.351851852,0.148148148
Pablo López,903,4.243936051,4.341567055,4.829431167,,3.421683788,4.43085064,5.13303297,,4.9864717,0.375,0.171875,0.453125,-0.078125
Lance McCullers Jr.,884,4.246492143,5.205379746,4.401978823,,5.221113629,3.608347422,,,5.0263743,0.456090652,0.155807365,0.388101983,0.067988669
Rich Hill,619,4.246585188,4.778605446,,,,3.942982129,6.642449208,,4.270393,0.173913043,0.304347826,0.52173913,-0.347826087
Ryne Harper,408,4.251461405,5.270208912,,3.780545169,,2.886922713,,,5.318917,0.523809524,0.243386243,0.232804233,0.291005291
Brandon Kintzler,343,4.253800902,,4.122612167,4.096088501,5.509396517,,,,4.9368224,0.472222222,0.111111111,0.416666667,0.055555556
Ljay Newsome,255,4.255083287,4.809742148,,,5.128069259,2.483109515,,,4.91049,0.452380952,0.222222222,0.325396825,0.126984127
Jesús Luzardo,940,4.258928978,4.596733809,4.069862958,4.619672208,3.863506027,5.13317863,,,5.1251526,0.459701493,0.2,0.340298507,0.119402985
Zack Greinke,1060,4.265008272,5.120247465,3.506780881,4.111936479,4.186705631,3.286558456,3.749749221,,5.3062754,0.481132075,0.221698113,0.297169811,0.183962264
Cody Stashak,223,4.265692647,4.990720398,,3.693334789,,,,,5.162768,0.466666667,0.144444444,0.388888889,0.077777778
Ty Buttrey,428,4.272596335,4.620563889,,5.163245885,2.479356456,,,,5.6766744,0.482352941,0.211764706,0.305882353,0.176470588
Jimmy Cordero,424,4.273294258,5.626715505,4.175459949,3.96416667,5.512150004,,,,5.0867844,0.464,0.2,0.336,0.128
A.J. Minter,397,4.277958914,4.666333803,,,5.713172278,,3.519283632,,4.8231196,0.364864865,0.189189189,0.445945946,-0.081081081
Tyler Anderson,954,4.283226653,4.00323264,4.983626457,,4.520396787,,4.699562527,,4.8236966,0.459016393,0.081967213,0.459016393,0
Matt Foster,436,4.283561618,4.559170506,,4.412466325,3.799137766,,,,4.8876495,0.421686747,0.228915663,0.34939759,0.072289157
Dylan Bundy,1018,4.285191725,4.121136766,5.146934577,4.115039708,4.277697715,4.469070778,,,5.0694795,0.431547619,0.217261905,0.351190476,0.080357143
Oliver Pérez,281,4.287690904,3.593142342,3.808461232,4.990783705,,,,,4.7808194,0.41322314,0.140495868,0.446280992,-0.033057851
Tejay Antone,593,4.289762101,,6.44428546,3.277431775,,2.194767748,,,5.447622,0.550847458,0.169491525,0.279661017,0.271186441
Anthony Bass,385,4.297195534,,5.042728167,4.571635867,,,,,4.6924524,0.409326425,0.165803109,0.424870466,-0.015544041
Shawn Armstrong,237,4.30305837,5.055997542,,3.951547704,,,3.77122577,,5.2149997,0.463917526,0.216494845,0.319587629,0.144329897
Sam Coonrod,297,4.303887801,3.558810463,4.381832232,,4.737425069,4.898465558,4.42422499,,5.240395,0.530612245,0.12244898,0.346938776,0.183673469
Luis Cessa,360,4.326604051,5.177781971,4.158062965,4.468020306,4.078998968,,,,5.1784997,0.488372093,0.162790698,0.348837209,0.139534884
David Hale,282,4.327589147,3.764404655,5.437345724,,4.369219,4.414270625,,,5.2779913,0.490384615,0.221153846,0.288461538,0.201923077
Tyler Matzek,483,4.332360103,4.164317164,,4.427882145,,6.167031749,,,4.509713,0.228571429,0.285714286,0.485714286,-0.257142857
Brooks Raley,336,4.338514709,4.897043813,6.617553406,3.444114908,,4.923852793,4.451358767,,5.0741663,0.481481481,0.209876543,0.308641975,0.172839506
Jorge Alcala,403,4.345974286,5.737601909,,3.203086184,4.460405418,,,,5.070574,0.523809524,0.047619048,0.428571429,0.095238095
Dylan Covey,215,4.350136893,2.864086072,5.532207359,3.988515174,7.160161874,4.218335185,,,3.9953706,0.294117647,0.147058824,0.558823529,-0.264705882
Tyler Duffey,368,4.350462914,4.756104633,,3.752319654,,4.260345221,,,5.182674,0.369565217,0.326086957,0.304347826,0.065217391
Jesse Hahn,292,4.351027856,,4.6483899,,,4.70470198,,,5.0153713,0.472392638,0.165644172,0.36196319,0.110429448
Joely Rodríguez,234,4.352200458,4.65597448,4.475978259,4.969478808,3.294493426,,,,5.0525064,0.555555556,0.222222222,0.222222222,0.333333333
Brad Keller,858,4.352344141,4.508884628,6.227620687,3.229480897,,,,,4.954552,0.429850746,0.2,0.370149254,0.059701493
Dan Winkler,299,4.372422929,5.579631247,,,,3.870024982,4.321335856,,5.222464,0.472222222,0.25,0.277777778,0.194444444
Dennis Santana,284,4.373723647,,3.9139111,4.760473398,5.069862231,,,,4.867735,0.425,0.175,0.4,0.025
Paul Fry,376,4.382102273,5.509656634,,3.076802675,,,,,4.76646,0.428571429,0.167487685,0.403940887,0.024630542
José Ureña,396,4.382287707,4.320853247,4.527362403,3.522093837,7.602126953,,,,4.0934863,0.107142857,0.321428571,0.571428571,-0.464285714
Wander Suero,381,4.382937579,,,,4.900817299,4.288866733,4.29993021,,5.0627074,0.461038961,0.185064935,0.353896104,0.107142857
Max Scherzer,1213,4.391673173,4.762089302,,3.248082642,3.618123146,4.845703637,5.701245148,,5.05261,0.459459459,0.162162162,0.378378378,0.081081081
Nick Nelson,374,4.392572834,5.170369961,,4.18863551,2.395401099,7.190047812,,,4.962981,0.462264151,0.202830189,0.33490566,0.127358491
Jeremy Jeffress,340,4.395151193,5.458882542,4.304309317,,,4.894547163,,3.689526852,5.1371903,0.438596491,0.175438596,0.385964912,0.052631579
Ian Kennedy,261,4.399830409,4.42978021,,,,6.113876121,4.781518262,,5.2207475,0.511450382,0.190839695,0.297709924,0.213740458
John Schreiber,282,4.402637076,4.077682465,,,6.737195587,4.290858989,,,5.2801046,0.464566929,0.236220472,0.299212598,0.165354331
Jalen Beeks,323,4.404650195,3.855811039,,,4.894315648,,4.541275428,,5.2573066,0.554744526,0.124087591,0.321167883,0.233576642
Zack Britton,289,4.405978554,,4.247974354,5.139243499,,,,,4.9974337,0.452586207,0.172413793,0.375,0.077586207
Hoby Milner,247,4.409193134,,5.472473676,,,3.344738012,,,5.5265694,0.490740741,0.240740741,0.268518519,0.222222222
Seth Lugo,610,4.409965376,4.786760091,4.969007693,4.153283038,5.016724153,2.982270501,,,5.1562276,0.445652174,0.25,0.304347826,0.141304348
J.A. Happ,787,4.411565007,4.642172632,4.770771122,4.177760627,3.795893707,,,,5.2189574,0.458715596,0.201834862,0.339449541,0.119266055
Jaime Barría,511,4.415454825,5.357617644,6.165113336,2.991603894,5.887655377,,,,4.6773415,0.327380952,0.232142857,0.44047619,-0.113095238
Freddy Peralta,553,4.420952017,4.118545722,,,,5.111544597,,,5.323377,0.502747253,0.142857143,0.354395604,0.148351648
Dan Altavilla,363,4.423413886,4.711053852,,4.273983375,,,,,5.211137,0.464864865,0.221621622,0.313513514,0.151351351
Antonio Senzatela,1137,4.423679976,4.493591985,,3.741357647,5.036386715,5.267916429,,,5.200947,0.466666667,0.214035088,0.319298246,0.147368421
José Berríos,1102,4.423826187,4.967405688,4.747496166,,4.409049709,3.695604112,,,5.361918,0.490853659,0.262195122,0.24695122,0.243902439
Lucas Giolito,1214,4.428801928,5.165571099,,4.556706424,3.385568237,,,,4.8446846,0.382736156,0.216612378,0.400651466,-0.017915309
Ryan Weber,645,4.429610141,,4.397714312,,4.514688243,4.503963532,5.61612606,,4.9229217,0.414634146,0.207317073,0.37804878,0.036585366
Kwang Hyun Kim,613,4.431471996,4.53721522,,3.87829159,5.008493052,5.087272659,,,4.7864275,0.326923077,0.153846154,0.519230769,-0.192307692
Pierce Johnson,310,4.434383392,5.533565553,5.438830778,,,3.561578452,,,4.61361,0.385542169,0.120481928,0.493975904,-0.108433735
Mychal Givens,415,4.439947214,4.412113887,,4.07944341,4.873630024,,,,5.317631,0.523809524,0.142857143,0.333333333,0.19047619
Daniel Hudson,378,4.45714483,4.422686401,,4.84362493,4.138555598,,,,5.19828,0.530821918,0.164383562,0.304794521,0.226027397
Nick Vincent,323,4.465683097,4.535984944,,5.96220349,4.856965713,,4.69146442,,4.284769,0.375,0.25,0.375,0
Cy Sneed,336,4.469433711,,,3.799199417,,6.272155468,4.686589702,,5.198474,0.527659574,0.187234043,0.285106383,0.242553191
Yusei Kikuchi,795,4.472538076,4.859667913,,4.217871905,6.420250522,,4.086672102,,4.954436,0.472789116,0.132653061,0.394557823,0.078231293
José Cisnero,519,4.475013304,4.93837186,,3.857600669,4.891030567,,,,5.312438,0.453947368,0.197368421,0.348684211,0.105263158
Cal Quantrill,505,4.481782913,6.375011014,4.701462642,3.623981277,3.520057274,,,,5.298782,0.448979592,0.204081633,0.346938776,0.102040816
Craig Kimbrel,300,4.4859989,4.171691554,,,,5.006136166,,,5.1228995,0.477876106,0.212389381,0.309734513,0.168141593
Luke Weaver,968,4.500575432,4.726023422,,,4.263081902,5.005342725,4.6003488,,5.169759,0.406779661,0.211864407,0.381355932,0.025423729
Craig Stammen,377,4.501914978,,4.355596697,5.577095909,,4.510064478,,,5.0081487,0.43902439,0.178861789,0.382113821,0.056910569
Colin Rea,241,4.50273977,4.024983794,5.785498168,,,5.529679636,4.915977463,4.283255611,4.9636846,0.378378378,0.135135135,0.486486486,-0.108108108
Mike Minor,979,4.50288445,4.679806333,,4.441894541,4.655837799,2.790601521,,,5.0498962,0.439814815,0.148148148,0.412037037,0.027777778
Carlos Carrasco,1101,4.504714966,4.814838516,5.980077421,5.132440363,3.094225013,5.498780172,,,4.514727,0.285714286,0.232142857,0.482142857,-0.196428571
Kyle Freeland,1124,4.508407305,4.799568891,4.803976675,4.513904583,4.550374583,3.993846316,,,4.8754973,0.471698113,0.141509434,0.386792453,0.08490566
Randy Dobnak,748,4.513064575,5.557678768,5.155924644,3.503580039,3.912854034,4.430731418,,,4.635887,0.363636364,0.121212121,0.515151515,-0.151515152
Taylor Clarke,703,4.514152292,4.639963124,,3.566792731,5.428078629,5.10061391,,,4.7009845,0.392857143,0.151785714,0.455357143,-0.0625
Tommy Milone,697,4.516792102,5.093549565,,5.678568436,3.54417914,5.534966674,,,4.834364,0.28,0.4,0.32,-0.04
Héctor Neris,399,4.517972858,5.778560985,5.054307227,,,,,3.298471201,4.8124657,0.394117647,0.223529412,0.382352941,0.011764706
Richard Rodríguez,392,4.528244346,4.44839744,3.436248104,5.510398187,,,,,5.075111,0.463414634,0.204878049,0.331707317,0.131707317
Thomas Eshelman,529,4.530268302,4.863731374,5.206766205,4.26822902,4.012736048,4.311432821,,,4.995135,0.381818182,0.227272727,0.390909091,-0.009090909
Jake Diekman,354,4.531981945,5.227846023,6.872762178,3.263655689,,,,,5.4401336,0.496503497,0.216783217,0.286713287,0.20979021
Miguel Castro,475,4.533246942,,4.933306548,2.829682379,6.550748387,,,,5.7066946,0.533783784,0.22972973,0.236486486,0.297297297
Derek Holland,719,4.533778081,,4.755608338,,2.678457748,5.211491308,,,4.9144473,0.410447761,0.22761194,0.361940299,0.048507463
Justus Sheffield,880,4.537953848,,5.205455944,3.596216021,4.625380599,,,,5.282314,0.483221477,0.204697987,0.312080537,0.17114094
Jake Arrieta,729,4.538892703,,4.934850299,4.130397779,4.044939637,4.416706568,,,4.885798,0.444736842,0.152631579,0.402631579,0.042105263
Alec Mills,945,4.54745614,5.673557764,4.02957894,4.587244076,4.395817911,3.900190192,,,4.488503,0.345679012,0.230452675,0.423868313,-0.0781893
Patrick Corbin,1068,4.549060647,5.493228146,5.607189891,3.53235172,3.581534255,,,,5.3140044,0.442307692,0.346153846,0.211538462,0.230769231
Edwin Díaz,483,4.549852842,4.305021044,5.965594561,4.326776718,,,,,5.2681456,0.504464286,0.15625,0.339285714,0.165178571
Jordan Weems,222,4.558166776,5.118095066,,4.409274306,3.005696468,,,,5.478355,0.558139535,0.069767442,0.372093023,0.186046512
Michael Pineda,455,4.561033058,5.778552212,,3.626688023,2.367108531,,,,5.355058,0.52,0.2,0.28,0.24
Tony Gonsolin,705,4.561428942,4.30546305,,3.53728486,,6.739150863,,5.140176773,4.103382,0.2,0.15,0.65,-0.45
Jeurys Familia,455,4.566720772,5.37730363,4.5166481,3.998419536,,,,5.632311404,5.2382903,0.413533835,0.248120301,0.338345865,0.07518797
Zach Davies,1055,4.569703762,,5.560286286,,3.534793114,5.213302007,4.762705446,,4.5357714,0.318295739,0.182957393,0.498746867,-0.180451128
Ross Detwiler,311,4.580153255,6.24287825,3.741675585,4.299855848,5.16642081,,,,4.7432275,0.321428571,0.142857143,0.535714286,-0.214285714
Luke Jackson,488,4.586103898,6.457108538,,3.193965012,,4.483412496,,,5.1975937,0.488095238,0.25,0.261904762,0.226190476
Trevor Richards,576,4.591460705,5.294396649,,,3.278134266,5.068628141,,,5.5181766,0.541899441,0.145251397,0.312849162,0.229050279
Daniel Castano,474,4.61319827,4.702121972,5.369232965,4.067281541,4.776677974,,,,5.1299024,0.459016393,0.196721311,0.344262295,0.114754098
Triston McKenzie,550,4.614364014,4.621297999,,4.905399058,4.754221028,4.157495279,,,5.143801,0.406593407,0.307692308,0.285714286,0.120879121
Tyler Mahle,852,4.617681757,4.776699511,,3.878354164,5.466294383,,,6.650560557,4.5000644,0.420289855,0.115942029,0.463768116,-0.043478261
Alex Cobb,807,4.617970363,5.289614966,,,,4.100111383,,3.94653676,5.1225743,0.482394366,0.165492958,0.352112676,0.13028169
Archie Bradley,276,4.639247547,5.329843353,,,3.336378125,4.251740457,,,5.3064666,0.4,0.233333333,0.366666667,0.033333333
Jimmy Herget,350,4.639269166,5.906457913,6.931633209,3.5395115,,3.092870793,,,5.562815,0.5,0.166666667,0.333333333,0.166666667
Jordan Montgomery,747,4.639764959,6.163000015,4.531394362,4.588342923,4.116713862,3.861925383,4.85443467,,5.0457497,0.294117647,0.411764706,0.294117647,0
Carlos Estévez,436,4.641637802,4.762254041,,3.965504275,5.606745574,,,,5.3243394,0.495798319,0.243697479,0.260504202,0.235294118
Travis Lakins Sr.,470,4.64473982,6.425435058,,,,4.058525368,4.06211029,,5.305329,0.516666667,0.205555556,0.277777778,0.238888889
Drew Smyly,482,4.65361332,4.816822257,,,,4.253214177,5.629324878,,5.083825,0.484444444,0.222222222,0.293333333,0.191111111
Taijuan Walker,884,4.659865665,5.195957189,6.484655576,2.011745685,,5.225043839,3.560496902,3.631819582,5.342955,0.506410256,0.205128205,0.288461538,0.217948718
Sergio Romo,364,4.665169525,6.290346998,6.970019496,3.935638113,8.140730782,,,,5.335277,0.502369668,0.165876777,0.331753555,0.170616114
Jake Woodford,360,4.666572207,4.381423752,,4.479337532,,6.875464074,,,5.0938206,0.484536082,0.164948454,0.350515464,0.134020619
Chris Mazza,538,4.684679159,5.884231442,5.922683845,4.154161155,,,3.745629343,,5.37483,0.551282051,0.173076923,0.275641026,0.275641026
Andrew Miller,205,4.688136761,6.400367319,,4.360354004,,,,,4.3189116,0.323076923,0.246153846,0.430769231,-0.107692308
James Hoyt,244,4.693934181,7.57825584,7.40106094,5.81563746,,,,,4.109909,0.321428571,0.107142857,0.571428571,-0.25
Kyle Gibson,1139,4.694237737,5.141077772,6.163890838,3.793872462,3.15066941,3.880153709,,,5.2648726,0.473684211,0.263157895,0.263157895,0.210526316
Amir Garrett,299,4.701209606,6.019701448,5.126920677,3.823398375,,,,,4.5160174,0.271028037,0.280373832,0.448598131,-0.177570093
Blake Taylor,341,4.707911091,4.751428036,,4.556173965,,,,,5.0142994,0.381578947,0.223684211,0.394736842,-0.013157895
Ross Stripling,815,4.712221403,5.264085927,,3.65542048,3.555869978,5.19516256,,,5.340642,0.510948905,0.226277372,0.262773723,0.248175182
Brad Hand,363,4.714451877,5.316136848,4.567922389,4.346583593,,,,,5.0104833,0.425531915,0.255319149,0.319148936,0.106382979
Erick Fedde,850,4.71458718,4.354990232,5.621396548,,,3.097725558,5.367162843,5.054111656,4.7101765,0.322916667,0.21875,0.458333333,-0.135416667
Joakim Soria,377,4.71828529,5.172117458,,4.246560081,5.197538668,,,,4.852103,0.408,0.18,0.412,-0.004
Will Smith,252,4.718547344,5.46601559,,4.716235113,,,,,4.6342106,0.403508772,0.131578947,0.464912281,-0.061403509
Trevor Rogers,568,4.724662236,4.837131974,6.722020124,4.811595821,2.570247413,,,,5.2162595,0.534615385,0.138461538,0.326923077,0.207692308
Tony Watson,280,4.728114234,,3.994964287,4.530304259,6.092607004,,,,4.9333577,0.461538462,0.102564103,0.435897436,0.025641026
Dakota Hudson,589,4.730064979,4.275007349,4.504194901,5.716144692,5.376330606,4.490525356,,,4.4657044,0.434782609,0.07826087,0.486956522,-0.052173913
JT Brubaker,804,4.739629611,7.132258703,5.098135359,3.449612385,5.651326705,4.623050097,,,4.885629,0.405063291,0.202531646,0.392405063,0.012658228
Bryan Garcia,332,4.748539264,,5.262902367,3.680130904,4.634387319,,,,4.653431,0.384615385,0.216346154,0.399038462,-0.014423077
Josh Staumont,472,4.749324551,4.337257261,4.367243882,,,5.819999312,,,5.221436,0.396551724,0.275862069,0.327586207,0.068965517
Hansel Robles,317,4.754027252,4.897840292,,4.030708721,5.482005258,,,,4.9494934,0.377192982,0.192982456,0.429824561,-0.052631579
Mike Fiers,916,4.756170758,5.131932414,5.918727216,3.883783005,3.240165868,6.244839684,,,4.4510207,0.285714286,0.246753247,0.467532468,-0.181818182
Corbin Burnes,1010,4.758286119,6.056338452,6.352856035,4.142825204,5.117479972,2.731260573,3.822507602,,5.6294794,0.482758621,0.229885057,0.287356322,0.195402299
Carlos Hernández,255,4.766180212,6.4881824,4.318776479,,3.14092735,5.470736113,,,5.1629305,0.495327103,0.196261682,0.308411215,0.186915888
Patrick Sandoval,598,4.768837114,5.472738697,,3.396477394,5.352275106,3.357552054,,,4.7353535,0.386861314,0.175182482,0.437956204,-0.051094891
Chasen Shreve,422,4.772076416,5.419406416,,6.077921066,3.085880604,,,4.137044707,4.56444,0.387096774,0.258064516,0.35483871,0.032258065
Matt Wisler,453,4.786380868,6.415902705,,5.091331294,,2.737540504,,,4.5712295,0.322033898,0.322033898,0.355932203,-0.033898305
Giovanny Gallegos,229,4.790835063,5.334848099,,4.398862041,,,,,4.949966,0.405172414,0.224137931,0.370689655,0.034482759
Tyler Webb,346,4.804092055,4.8330528,5.828085184,,5.138727407,3.103940017,,,4.872183,0.433823529,0.205882353,0.360294118,0.073529412
Josh Osich,304,4.807220182,5.647324954,5.48504053,5.328505301,,,4.029670045,,4.771966,0.404255319,0.127659574,0.468085106,-0.063829787
Cody Ponce,265,4.813919067,6.798123525,5.52682088,-0.010171862,3.044141488,4.693118166,3.954823647,,5.1344953,0.418604651,0.186046512,0.395348837,0.023255814
Adrian Houser,922,4.817496164,5.948893278,4.284612664,4.021706126,5.326222556,5.218669372,,,5.1850753,0.469026549,0.17699115,0.353982301,0.115044248
Tyler Alexander,599,4.817618274,6.061210031,5.469974567,3.919163861,4.348630117,4.751919999,3.036143151,,4.9494276,0.463414634,0.158536585,0.37804878,0.085365854
Josh A. Smith,426,4.820890596,4.26170187,6.956970924,4.653719861,,4.409480462,,,4.1893663,0.3,0.2,0.5,-0.2
Lou Trivino,370,4.833462197,6.415657602,4.294266709,,2.990065041,2.718603863,4.747654196,,4.889581,0.395348837,0.197674419,0.406976744,-0.011627907
Rick Porcello,983,4.83438731,5.707763857,4.890380065,4.401068526,5.336558236,4.088846647,,,4.9210925,0.417050691,0.216589862,0.366359447,0.050691244
Keynan Middleton,210,4.83490626,4.445220025,,4.765415293,6.670635248,,,,5.13285,0.520661157,0.148760331,0.330578512,0.190082645
Danny Duffy,943,4.837800336,4.25469403,5.803922348,4.723165093,5.092464521,5.303901097,,,4.796082,0.37593985,0.180451128,0.443609023,-0.067669173
Brett Anderson,753,4.846706309,5.170618348,5.762127729,4.658893563,4.035813203,2.969730046,5.403289119,,5.500795,0.565789474,0.276315789,0.157894737,0.407894737
Trevor Cahill,456,4.85420929,6.591651803,4.734113328,,5.283583374,6.194267765,4.119320374,,5.1031947,0.462184874,0.168067227,0.369747899,0.092436975
Taylor Widener,364,4.863033676,4.869952048,,5.491501351,3.504794323,,,,5.060135,0.489451477,0.181434599,0.329113924,0.160337553
Josh Hader,372,4.869310479,4.800274909,,5.05642297,,,,,5.1100955,0.470588235,0.176470588,0.352941176,0.117647059
Dillon Tate,285,4.870547333,5.092776677,5.0664077,4.006251478,5.69245361,,,,4.906306,0.410526316,0.178947368,0.410526316,0
Alex Colomé,367,4.872030685,5.815502717,,,,,4.51611824,,4.5975146,0.346153846,0.221153846,0.432692308,-0.086538462
Gregory Soto,394,4.885426729,6.677978796,5.182268764,2.991164326,,,,,5.558414,0.4875,0.1875,0.325,0.1625
Eric Yardley,410,4.888217599,,4.905382903,,,5.342528903,,,4.864687,0.397163121,0.141843972,0.460992908,-0.063829787
Michael Lorenzen,608,4.891959011,5.240648019,7.116315946,5.386185349,3.955835391,5.17294757,3.315906967,,4.9590473,0.325581395,0.255813953,0.418604651,-0.093023256
Trevor Williams,1017,4.89525687,4.077905599,4.795446343,6.163264197,5.827685834,3.784748801,,,5.095869,0.476744186,0.162790698,0.360465116,0.11627907
Yency Almonte,446,4.897983045,5.144554061,,4.63146481,5.013252557,,,,4.783836,0.378947368,0.210526316,0.410526316,-0.031578947
Keegan Akin,500,4.900375564,4.872355403,,5.585369519,4.682079137,,,,5.2060943,0.529411765,0.117647059,0.352941176,0.176470588
Frankie Montas,914,4.901349338,5.051844146,5.930031732,3.415272371,,,,4.449968228,5.111266,0.43220339,0.245762712,0.322033898,0.110169492
Jeffrey Springs,405,4.904373419,,5.327489994,5.726842998,3.277098743,,,,5.0607195,0.510526316,0.131578947,0.357894737,0.152631579
Jorge López,635,4.90672224,6.200309105,4.476711834,,5.346775445,4.570359158,,,4.453281,0.411764706,0.168067227,0.420168067,-0.008403361
Greg Holland,447,4.91775028,4.844711031,,5.065046569,,4.686740306,,,4.77355,0.394736842,0.201754386,0.403508772,-0.00877193
Iván Nova,284,4.918117322,6.042956853,4.860481458,,5.272871761,4.260992396,,,4.6035857,0.363636364,0.25,0.386363636,-0.022727273
Tyler Kinley,371,4.926435874,6.302303855,,4.138746747,6.273679894,,,,4.349296,0.238095238,0.333333333,0.428571429,-0.19047619
Wade Miley,285,4.930568784,9.184907062,,,5.237260148,6.224090863,4.146477903,,4.0184817,0.137931034,0.275862069,0.586206897,-0.448275862
Nick Margevicius,679,4.940064092,4.786740723,,4.56274963,6.937501001,4.859874393,,,4.230824,0.228070175,0.157894737,0.614035088,-0.385964912
Kenley Jansen,446,4.940638607,5.991544092,,3.131263904,,,4.753404879,,5.5786324,0.487804878,0.292682927,0.219512195,0.268292683
James Karinchak,468,4.949969256,4.749902777,,,,5.287922146,,,4.8591876,0.466960352,0.211453744,0.321585903,0.145374449
Kyle Funkhouser,319,4.951707106,5.347548517,4.816425269,5.551213565,,,,,5.091608,0.460869565,0.191304348,0.347826087,0.113043478
Nik Turley,373,4.957774236,4.175009548,,,,5.995138321,,,4.6278086,0.387878788,0.133333333,0.478787879,-0.090909091
J.B. Wendelken,427,4.965855713,5.0475537,5.217415888,4.61276716,7.387755774,3.665555397,,,5.344029,0.514285714,0.2,0.285714286,0.228571429
Tarik Skubal,591,4.987138748,4.946786103,,4.291058513,4.904410664,6.940303311,,,4.480187,0.272727273,0.113636364,0.613636364,-0.340909091
Robert Dugger,212,4.988467455,5.315153931,7.869375613,3.578885794,,5.406721133,,,5.5291576,0.566037736,0.150943396,0.283018868,0.283018868
Nick Wittgren,377,4.988735575,5.566839069,,4.490021313,3.932763485,,,,4.983561,0.403508772,0.245614035,0.350877193,0.052631579
Alex Young,797,4.993684288,6.210181885,5.782292854,5.752347927,4.321950877,4.492687895,4.362462075,,4.692614,0.330827068,0.285714286,0.383458647,-0.052631579
Michael King,470,4.99718399,4.498420791,5.500124965,,4.118818879,4.61175048,,,5.126328,0.438596491,0.175438596,0.385964912,0.052631579
Asher Wojciechowski,674,5.005207371,5.386560836,,5.711447729,5.833189402,3.704877686,,,4.778004,0.277777778,0.166666667,0.555555556,-0.277777778
Madison Bumgarner,710,5.006424683,5.828400885,,,,4.842898295,4.453245149,,5.093574,0.41796875,0.234375,0.34765625,0.0703125
Michael Wacha,609,5.007694469,6.053404371,,,4.462955473,,4.228669113,,5.228945,0.457317073,0.201219512,0.341463415,0.115853659
Mike Kickham,262,5.028362819,5.514680475,,6.072576903,,3.415062974,,,4.9149003,0.431818182,0.159090909,0.409090909,0.022727273
Spencer Howard,439,5.042727431,5.856255142,,4.906711213,2.984185553,3.547380007,,,5.036583,0.452631579,0.210526316,0.336842105,0.115789474
David Phelps,357,5.059299715,5.072875317,5.879215659,,,4.349056417,5.13163269,,4.9203124,0.407407407,0.172839506,0.419753086,-0.012345679
Brett Martin,222,5.068192915,5.861553773,5.69969926,4.075102334,,4.742858509,,,4.4760575,0.285714286,0.306122449,0.408163265,-0.12244898
David Peterson,812,5.070603953,5.397172137,6.230124325,4.779253792,3.837137613,,,,4.9274983,0.457142857,0.171428571,0.371428571,0.085714286
Joe Jiménez,389,5.072438184,5.493099775,,4.287096997,5.052616421,,,,4.916328,0.44,0.08,0.48,-0.04
Félix Peña,460,5.07446022,,5.464922245,5.299767719,4.745628074,,,,5.0197816,0.375,0.21875,0.40625,-0.03125
Alex Reyes,369,5.083222341,5.62725411,4.628836309,4.910920702,,5.05895828,,,5.1720214,0.465116279,0.209302326,0.325581395,0.139534884
Lucas Sims,464,5.087243613,5.131668643,,7.725065439,,4.755496948,,,4.972858,0.470852018,0.165919283,0.3632287,0.107623318
Austin Voth,895,5.093980623,5.723589511,,3.946634479,,4.6351161,4.156724669,,5.3204384,0.5,0.206896552,0.293103448,0.206896552
Héctor Rondón,390,5.095851135,4.970564537,6.653352776,4.840820909,,,,,4.66557,0.367346939,0.204081633,0.428571429,-0.06122449
Luis Perdomo,276,5.09888649,,5.408630078,4.269156183,,,,6.252651389,4.38965,0.327586207,0.189655172,0.482758621,-0.155172414
Robbie Erlin,461,5.107799149,4.436563335,6.675716548,,5.203592346,6.015450665,,,4.424595,0.375,0.166666667,0.458333333,-0.083333333
Chad Kuhl,789,5.112329716,,6.484702968,3.9919949,6.060310026,4.493758585,,,5.2378254,0.49270073,0.204379562,0.302919708,0.189781022
Chris Stratton,547,5.115034993,5.837344548,,4.70525686,4.779150244,3.998623613,,,4.778394,0.396078431,0.203921569,0.4,-0.003921569
Jared Hughes,412,5.116164933,8.334469931,4.377882006,,6.638347791,4.648994901,,,5.143591,0.436893204,0.223300971,0.339805825,0.097087379
Steven Matz,633,5.125344484,,5.827985294,5.214870299,5.128787344,2.55871853,,,5.1625457,0.464705882,0.188235294,0.347058824,0.117647059
Caleb Thielbar,371,5.130658722,5.501218555,,5.519355574,,4.099730784,,,5.3097334,0.444444444,0.232323232,0.323232323,0.121212121
Huascar Ynoa,395,5.13124061,7.151631059,,2.997699302,6.596559001,,,,4.3917675,0.327586207,0.189655172,0.482758621,-0.155172414
Corey Oswalt,223,5.131510221,5.168785833,5.222120828,6.88916709,3.020066735,,,,4.879303,0.348484848,0.196969697,0.454545455,-0.106060606
Griffin Canning,965,5.131977149,5.857639078,,5.742281191,3.591749536,4.327026874,,,4.6615453,0.362944162,0.187817259,0.449238579,-0.086294416
Casey Sadler,348,5.133885877,,6.830262148,,,4.322860629,4.00647912,,4.460502,0.353383459,0.203007519,0.443609023,-0.090225564
Rafael Dolis,414,5.136826197,6.388012868,6.175560413,4.746145665,,,,2.602425641,4.575496,0.354700855,0.213675214,0.431623932,-0.076923077
Sonny Gray,968,5.137963431,4.080727236,6.641640034,4.948079505,8.02575376,4.422227854,,,5.2289886,0.485943775,0.224899598,0.289156627,0.196787149
Yusmeiro Petit,315,5.14392665,5.265814174,,,6.061364332,4.685388306,4.620311771,,4.7909765,0.428571429,0.186813187,0.384615385,0.043956044
Colten Brewer,506,5.144711977,4.556902193,,4.289879567,,5.588702331,5.592227188,,4.973931,0.434108527,0.19379845,0.372093023,0.062015504
Grant Dayton,490,5.147923725,5.199249331,,,,5.290606995,,,4.912517,0.411111111,0.233333333,0.355555556,0.055555556
Jon Gray,658,5.154412294,5.557613815,7.052930938,4.305746861,5.250186209,4.745651025,,,4.253771,0.384615385,0.128205128,0.487179487,-0.102564103
Joe Musgrove,673,5.161670845,5.467607866,5.969648231,4.542020143,6.40048865,4.884141544,3.729604466,,4.767062,0.346153846,0.278846154,0.375,-0.028846154
James Paxton,356,5.16412241,5.063325921,,,5.262451892,5.257657989,5.380434408,,4.847198,0.42,0.18,0.4,0.02
Sam Selman,361,5.172896023,6.104900373,,4.525306481,,,,,4.741945,0.418918919,0.182432432,0.398648649,0.02027027
Nate Pearson,324,5.172911326,6.018648427,,3.951208555,6.101224627,4.692748342,,,4.677579,0.333333333,0.19047619,0.476190476,-0.142857143
Cody Reed,236,5.179515839,7.079575083,6.938272439,3.725203596,,,,,4.60342,0.347826087,0.15942029,0.492753623,-0.144927536
Dean Kremer,346,5.194241524,5.591425476,5.065558605,,,6.52409101,3.514342779,,5.478087,0.648148148,0.092592593,0.259259259,0.388888889
Tyler Zuber,412,5.196736076,5.767131564,,4.17172814,5.72704604,5.708453173,,,4.860539,0.4,0.288888889,0.311111111,0.088888889
Taylor Williams,272,5.197061192,5.981564514,7.733306122,4.165927025,,,,,4.7655926,0.488636364,0.113636364,0.397727273,0.090909091
Thomas Hatch,441,5.206688603,6.256204943,7.281356376,5.944533085,1.873408598,,,,4.4920363,0.37037037,0.212962963,0.416666667,-0.046296296
Yoshi Hirano,248,5.220508885,6.19024656,,,,,,4.421900823,4.8443103,0.473214286,0.107142857,0.419642857,0.053571429
Devin Smeltzer,268,5.224933624,7.001180456,,5.993762631,3.522953597,4.533866583,,,5.043526,0.514285714,0.057142857,0.428571429,0.085714286
Drew Rasmussen,302,5.246841928,5.920616602,,2.78104784,,7.008275321,,,4.88313,0.429951691,0.207729469,0.362318841,0.06763285
Kyle Finnegan,419,5.250834491,6.225231793,5.704889725,3.891234246,,,,4.509323844,5.2664895,0.488888889,0.133333333,0.377777778,0.111111111
Vince Velasquez,650,5.253202999,5.174807965,,5.836077297,5.997282911,5.294817483,,,5.0435066,0.478991597,0.179271709,0.341736695,0.137254902
Kendall Graveman,329,5.265212876,5.206231319,5.473443586,5.186070308,4.231195268,,6.078672716,,4.82983,0.392670157,0.246073298,0.361256545,0.031413613
Kyle Cody,370,5.266418569,6.605989508,4.250847582,5.530476472,3.224026327,,,,4.3252664,0.328125,0.25,0.421875,-0.09375
Brady Singer,1071,5.267997939,5.735376666,5.417961458,4.467080752,6.423753488,,,,5.0561104,0.448877805,0.201995012,0.349127182,0.099750623
Johnny Cueto,1145,5.275580316,5.138932366,5.791192471,6.36893151,5.211534612,4.834362325,,,4.9492674,0.4375,0.190789474,0.371710526,0.065789474
Adam Plutko,446,5.277270581,5.367786311,,4.906136106,4.425029827,6.122040833,,,4.709617,0.34375,0.267857143,0.388392857,-0.044642857
Wes Benjamin,389,5.285110474,4.643512038,6.733677554,4.871903974,7.208615939,5.464762523,,,4.276113,0.319148936,0.170212766,0.510638298,-0.191489362
Adbert Alzolay,387,5.286387205,6.292582204,6.334674743,0.526390562,4.862599163,4.955554549,,,6.338745,0.78125,0.09375,0.125,0.65625
Jacob Barnes,309,5.288934072,5.564663326,,,,,5.079080334,,4.9085164,0.37804878,0.219512195,0.402439024,-0.024390244
Chase Anderson,652,5.29579495,5.852980643,7.173983907,4.696842943,1.991201117,6.4513577,6.47255957,,5.1944137,0.53125,0.125,0.34375,0.1875
Jon Lester,1008,5.298327337,5.806739713,5.673970136,,4.816086632,5.380995031,4.973678199,,4.881087,0.404388715,0.210031348,0.385579937,0.018808777
Matthew Boyd,1086,5.31253507,5.743384372,5.093383689,5.979018665,3.010646616,5.93934422,,,4.72578,0.402439024,0.12195122,0.475609756,-0.073170732
Jack Flaherty,719,5.316028816,5.4291311,6.255401867,4.556786509,8.026039912,5.632045467,,,4.613538,0.344827586,0.206896552,0.448275862,-0.103448276
Logan Webb,998,5.318765652,6.176860284,4.506053586,4.491440186,4.936901474,,6.650029051,,4.6919155,0.382608696,0.202898551,0.414492754,-0.031884058
Rony García,393,5.326704479,4.937296325,,5.305802344,7.457640363,,,,4.3584504,0.283018868,0.169811321,0.547169811,-0.264150943
Ian Anderson,571,5.337125169,4.67643793,,,7.032674044,4.361774279,,,5.074996,0.485507246,0.163043478,0.351449275,0.134057971
Austin Gomber,526,5.342841839,5.732650811,,5.722290199,2.613758021,5.097706363,,,4.987927,0.438461538,0.161538462,0.4,0.038461538
Cam Bedrosian,241,5.353029078,5.686513857,,5.116150882,,,,,4.63947,0.37007874,0.196850394,0.433070866,-0.062992126
Bryse Wilson,313,5.374399226,5.620283908,3.476501073,6.165878834,7.668593589,2.716375506,,,5.5616345,0.592592593,0.12962963,0.277777778,0.314814815
Jesse Chavez,306,5.374930887,5.58535971,5.683962752,4.924938782,,,5.899623871,,4.8018217,0.390243902,0.203252033,0.406504065,-0.016260163
Kyle Wright,641,5.38404284,5.640426941,5.286135252,5.084888772,6.724820012,4.212388182,,,4.7021213,0.323699422,0.225433526,0.450867052,-0.12716763
Pedro Báez,306,5.395225974,5.915656511,,4.480690913,5.341939129,,,,4.903662,0.445454545,0.154545455,0.4,0.045454545
Taylor Hearn,352,5.404738646,5.330842673,6.118664996,4.512753331,6.358214474,,,,5.303253,0.51,0.18,0.31,0.2
Reynaldo López,503,5.405873745,6.515142136,,4.56524262,4.24840482,,,,4.666177,0.392996109,0.190661479,0.416342412,-0.023346304
Tyler Chatwood,333,5.415756226,6.112301641,6.373937877,,,6.253604232,4.325198259,,4.6154313,0.311111111,0.244444444,0.444444444,-0.133333333
T.J. McFarland,331,5.416500092,,5.418503401,5.443422344,5.568144572,,,,4.6810174,0.367346939,0.198979592,0.433673469,-0.066326531
Jeff Samardzija,298,5.447966766,6.011077169,6.544643913,4.214737848,,5.97236306,5.50209123,,4.692409,0.309090909,0.218181818,0.472727273,-0.163636364
Jonathan Holder,397,5.46705604,5.542578253,,4.998886196,6.821574806,,3.82925625,,5.032054,0.456521739,0.217391304,0.326086957,0.130434783
Nick Pivetta,290,5.470339674,5.432663896,,6.369123502,,6.266512287,,,4.6798363,0.337837838,0.243243243,0.418918919,-0.081081081
Josh Lindblom,793,5.471690234,6.173437095,,5.081827858,5.576867807,5.590499032,4.39346346,5.540312509,4.6027627,0.35,0.221428571,0.428571429,-0.078571429
Kris Bubic,932,5.472581787,5.584785727,,,5.085200834,6.193965928,,,5.0320964,0.435251799,0.176258993,0.388489209,0.04676259
Cam Hill,291,5.484472795,5.231077964,,5.161389354,,7.148552149,,,4.7514534,0.352380952,0.238095238,0.40952381,-0.057142857
Nate Jones,361,5.486387117,,5.663464255,5.687635814,,,,,4.9180093,0.383233533,0.19760479,0.419161677,-0.035928144
Dylan Cease,1085,5.491543318,5.995574021,,4.562908439,5.208610734,6.577300043,,,4.5989995,0.306930693,0.138613861,0.554455446,-0.247524752
Seth Elledge,231,5.495333862,,5.202637764,6.984069129,,,,,5.08597,0.431506849,0.212328767,0.356164384,0.075342466
Martín Pérez,1033,5.515868156,6.049933957,6.09994482,,5.203797234,5.4379485,5.185861764,,4.5320225,0.403225806,0.182795699,0.413978495,-0.010752688
Johan Oviedo,444,5.518080015,6.146613483,,5.184068724,,5.507248192,,,4.664064,0.404081633,0.155102041,0.440816327,-0.036734694
Matt Barnes,455,5.52480283,6.970238326,,,,4.041511583,,,5.3993125,0.551020408,0.158163265,0.290816327,0.260204082
Génesis Cabrera,397,5.53194177,6.045917625,,,5.948411974,4.401469786,,,4.6713743,0.450892857,0.089285714,0.459821429,-0.008928571
Humberto Castellanos,207,5.538059235,5.417050404,4.710317176,,7.308316577,7.395908414,,,5.1933656,0.526315789,0.236842105,0.236842105,0.289473684
Jace Fry,339,5.549863136,8.830334187,5.86897196,,,5.785972845,4.696011207,,3.7486243,0.275,0.175,0.55,-0.275
Jordan Lyles,993,5.550450143,5.746434445,5.065226069,4.419517975,5.109727528,5.970406117,,,5.1186852,0.427536232,0.195652174,0.376811594,0.050724638
Heath Hembree,363,5.555377759,6.054501951,,4.896484486,,4.782046302,,,5.120645,0.449152542,0.220338983,0.330508475,0.118644068
Trevor Gott,217,5.556190273,5.696245455,,,,5.761512053,,,4.8528776,0.483660131,0.150326797,0.366013072,0.117647059
Geoff Hartlieb,409,5.565810132,,6.186773852,5.519828097,,,,,4.6836343,0.420792079,0.207920792,0.371287129,0.04950495
Jake Newberry,387,5.572282965,6.721329946,,4.950710604,,,,,4.4463954,0.354285714,0.171428571,0.474285714,-0.12
Phillips Valdez,509,5.575192294,,5.33154157,5.468448034,5.895330366,,,,4.6112843,0.370517928,0.167330677,0.462151394,-0.091633466
Casey Mize,543,5.587984691,5.594373987,5.870780809,5.318864725,,5.752112756,,5.408339112,4.981759,0.484536082,0.12371134,0.391752577,0.092783505
Luis Patiño,349,5.609403464,5.410977641,,5.769451657,7.140871004,,,,4.9584937,0.349206349,0.222222222,0.428571429,-0.079365079
Chi Chi González,347,5.609903885,5.517550264,7.348208985,,5.975961648,4.256117197,5.271951608,,4.678982,0.384615385,0.192307692,0.423076923,-0.038461538
Aníbal Sánchez,972,5.619155596,5.651158812,6.783902247,,6.010774486,3.614079525,5.832342923,5.521241347,5.438074,0.564705882,0.117647059,0.317647059,0.247058824
Robert Stock,253,5.623225021,5.817541188,,3.707683637,8.036020589,,,,4.851055,0.432098765,0.203703704,0.364197531,0.067901235
Blake Parker,315,5.623460293,6.776190782,,,,6.041589608,,4.1711853,4.649545,0.375,0.1875,0.4375,-0.0625
Austin Brice,359,5.63302289,5.949809355,5.847850936,,,5.26192261,,,4.7772746,0.431372549,0.176470588,0.392156863,0.039215686
Brad Boxberger,357,5.646816678,6.600921726,,6.478185124,3.267471934,,,,5.6112847,0.581395349,0.11627907,0.302325581,0.279069767
Anthony DeSclafani,602,5.650923927,5.414584645,6.415461139,5.421655691,6.951966244,4.793530087,,,4.4105096,0.365853659,0.170731707,0.463414634,-0.097560976
Cole Sulser,416,5.656471926,6.491772302,,5.463645174,3.931177027,,,,5.346238,0.518518519,0.111111111,0.37037037,0.148148148
Steven Brault,746,5.670618296,6.865895747,7.282194204,4.459454651,4.633805746,,,,4.389602,0.35451505,0.193979933,0.451505017,-0.096989967
Lewis Thorpe,272,5.678324797,5.586589042,,5.188032311,6.962397621,5.93897007,,,4.824544,0.353658537,0.219512195,0.426829268,-0.073170732
Yohan Ramirez,420,5.698104858,6.066583721,,5.745904984,,,,,4.894336,0.438016529,0.152892562,0.409090909,0.02892562
Scott Alexander,202,5.699063688,,5.683843228,5.77992287,,,,,4.6028514,0.28125,0.1875,0.53125,-0.25
Shaun Anderson,277,5.709758427,6.010768422,,6.259657609,,,,,4.710974,0.440366972,0.19266055,0.366972477,0.073394495
Brandon Bielak,597,5.729765415,6.319196182,,5.898165188,3.700049973,7.185032785,5.17541791,,4.7998185,0.451612903,0.112903226,0.435483871,0.016129032
Dane Dunning,571,5.740742403,6.389587051,5.514409083,4.893051381,6.553522213,6.50493058,,,4.4027886,0.333333333,0.174603175,0.492063492,-0.158730159
Andre Scrubb,407,5.746249991,,,,,5.50945159,5.983342437,,4.777201,0.392670157,0.19895288,0.408376963,-0.015706806
Kolby Allard,658,5.757731976,6.024520605,,,5.885910174,6.906745979,4.938887006,,5.139891,0.49,0.205,0.305,0.185
Sam Howard,361,5.766031174,5.67270964,,5.924405971,,,,,4.6471567,0.388392857,0.147321429,0.464285714,-0.075892857
Steve Cishek,374,5.795737839,5.69103315,5.320548701,6.165134255,,,,,4.863149,0.404761905,0.166666667,0.428571429,-0.023809524
Mitch Keller,385,5.815609624,6.107831907,,6.117544248,,5.897072814,,,4.715563,0.310810811,0.162162162,0.527027027,-0.216216216
Kyle Ryan,268,5.835571289,5.967395367,5.899181704,,,4.43329412,6.023195839,,5.105261,0.304347826,0.391304348,0.304347826,0
Alex Wood,282,5.878401706,,5.621783557,,6.381064309,7.290201823,,,4.7392206,0.358024691,0.185185185,0.456790123,-0.098765432
Daniel Mengden,231,5.904559367,7.040294848,,,3.835817495,6.845268739,4.827902796,,5.3966208,0.448275862,0.310344828,0.24137931,0.206896552
Ryan Tepera,369,5.906035885,5.264977868,6.859928942,6.837111113,,,5.79804602,,4.4419117,0.3,0.2,0.5,-0.2
Junior Guerra,404,5.935760928,4.947531293,5.667563048,,,6.484036455,,7.503463427,4.9408784,0.507352941,0.139705882,0.352941176,0.154411765
Jeff Hoffman,399,5.937957287,6.390435673,,,4.879277264,6.170675721,,,4.725973,0.444444444,0.194444444,0.361111111,0.083333333
Jason Adam,260,5.946494684,5.959269893,,,4.257454267,6.758665827,,,4.815393,0.446043165,0.158273381,0.395683453,0.050359712
Julio Teheran,572,5.951516009,6.374911519,6.341802329,5.335806533,5.397640228,5.4400636,,,4.909555,0.333333333,0.196969697,0.46969697,-0.136363636
Corey Knebel,263,5.953681755,6.213882332,,,,5.745310048,,,4.9331613,0.430107527,0.161290323,0.408602151,0.021505376
Jairo Díaz,364,5.959724426,7.031390856,6.642922462,4.846217941,,,,,4.53802,0.352272727,0.147727273,0.5,-0.147727273
Jake Odorizzi,283,5.972590563,6.556006462,,4.060514672,,,6.046409604,7.319577995,4.599752,0.363636364,0.181818182,0.454545455,-0.090909091
Carlos Martínez,402,5.979254913,6.496998832,7.289220146,4.802864933,5.603883291,5.059204736,,,5.213588,0.455555556,0.244444444,0.3,0.155555556
Shun Yamaguchi,502,6.021243801,6.207459564,,7.689759841,5.551476577,8.384491476,,4.852260857,5.1645913,0.461538462,0.184615385,0.353846154,0.107692308
Eric Lauer,244,6.029697071,6.685925314,,,,8.09379727,6.527284426,,4.8787923,0.446153846,0.169230769,0.384615385,0.061538462
Josh James,340,6.078807978,6.320254696,,5.881421206,7.506724074,,,,4.443155,0.434782609,0.108695652,0.456521739,-0.02173913
Javy Guerra,286,6.079884631,6.403687952,,7.164141059,,5.018041568,,,4.390922,0.239130435,0.326086957,0.434782609,-0.195652174
Caleb Smith,267,6.121648516,5.969624325,,4.876840745,9.127966975,5.420657797,,,4.8166237,0.408759124,0.197080292,0.394160584,0.01459854
Brandon Workman,395,6.142070447,6.400899208,,,,7.725208495,4.15385144,,4.786178,0.352380952,0.171428571,0.476190476,-0.123809524
Tanner Roark,901,6.149187421,5.925989869,8.071498112,6.289318605,5.743717308,5.122566766,,,4.7109466,0.321428571,0.192857143,0.485714286,-0.164285714
Ryan Castellani,757,6.165798481,6.255123512,7.667992596,5.73835304,7.033430966,4.488080214,,,4.733713,0.404411765,0.227941176,0.367647059,0.036764706
Anthony Kay,410,6.169007801,6.233652991,,,6.721064536,5.675135304,,,4.649212,0.342465753,0.150684932,0.506849315,-0.164383562
Robbie Ray,1064,6.202219908,6.455947865,,6.354824467,,5.913883098,,,4.9551296,0.346456693,0.354330709,0.299212598,0.047244094
Justin Dunn,801,6.216826279,6.906787365,9.834757602,4.799254027,7.444087707,4.743468463,,,5.0277863,0.412698413,0.26984127,0.317460317,0.095238095
Dakota Bacus,225,6.231247397,,5.385837144,7.258018093,,,,,5.0402675,0.438356164,0.150684932,0.410958904,0.02739726
Michael Fulmer,528,6.268911339,6.481803822,6.343451677,5.850455972,6.273378359,6.618684672,,,4.6354766,0.4,0.05,0.55,-0.15
Ian Gibaut,241,6.324488253,6.972649934,,5.033787666,7.483449772,,,,4.4416823,0.289473684,0.157894737,0.552631579,-0.263157895
Touki Toussaint,491,6.368848409,7.405382667,7.094420636,7.636455556,,5.291641621,,5.369201062,4.527271,0.384615385,0.16025641,0.455128205,-0.070512821
Nick Goody,246,6.391964999,6.386297537,,6.396255468,,,,,4.961348,0.478571429,0.171428571,0.35,0.128571429
Gio González,618,6.395618158,7.175582872,7.369563197,,5.867715902,5.773758799,,,4.908613,0.367521368,0.239316239,0.393162393,-0.025641026
Jacob Waguespack,397,6.410648562,6.299359299,10.12102584,,7.081130343,6.071940259,6.68509472,,5.0460706,0.444444444,0.203703704,0.351851852,0.092592593
Evan Phillips,284,6.461406619,7.04679615,,5.898975085,3.22945923,,,,4.58812,0.372340426,0.196808511,0.430851064,-0.058510638
Robert Gsellman,278,6.49394989,5.619979059,6.902118376,6.107303628,7.456205954,6.977430512,,,4.6313157,0.327272727,0.227272727,0.445454545,-0.118181818
Brady Lail,300,6.510023,5.671978251,7.736563772,7.194871319,6.684362167,6.094642696,,,4.5437517,0.272727273,0.272727273,0.454545455,-0.181818182
Franklyn Kilome,229,6.564876332,,7.763182344,,5.903565597,5.637209018,,,4.998988,0.390625,0.25,0.359375,0.03125
Dellin Betances,241,6.569236319,8.794951303,,,,5.346878632,,,5.1069813,0.509803922,0.137254902,0.352941176,0.156862745
Kevin Ginkel,340,6.612615585,7.375619024,,5.604765949,,,,,4.634,0.379310345,0.201970443,0.418719212,-0.039408867
Humberto Mejía,205,6.707765198,7.04736321,,4.866624601,9.985837984,5.836636321,,,3.8835099,0.25,0.2,0.55,-0.3
Brad Brach,250,6.745006046,8.449708102,9.412552859,6.768231429,4.403350553,,5.752437123,,4.704685,0.406779661,0.186440678,0.406779661,0
Daniel Ponce de Leon,646,6.782754392,6.509056558,,,8.459687532,7.091157749,7.033744929,,4.730155,0.410126582,0.207594937,0.382278481,0.027848101
Dovydas Neverauskas,358,6.785538523,6.955470514,,,,6.320546933,6.943707979,,4.519127,0.295918367,0.183673469,0.520408163,-0.224489796
Zack Godley,553,6.979793637,11.80999397,9.450943605,,9.884754156,5.718173414,6.478682082,,3.7479305,0.196428571,0.125,0.678571429,-0.482142857
Ryan Borucki,322,7.003572693,,8.504509342,5.628861091,6.311188044,,,,4.7434535,0.311111111,0.266666667,0.422222222,-0.111111111
Matt Harvey,247,7.177678789,7.444468117,,5.993247996,12.18827375,4.708914448,,,4.9770494,0.339285714,0.232142857,0.428571429,-0.089285714
Wilmer Font,368,7.202114962,7.475151644,7.384900556,7.785727609,,5.649961058,,4.773739756,5.358677,0.5,0.1,0.4,0.1
Sean Newcomb,300,7.237731003,5.593838472,,7.908926359,10.51027275,8.261023731,,,5.128467,0.456790123,0.135802469,0.407407407,0.049382716
Marcus Walden,285,7.548884583,7.366125486,9.230633411,9.921170042,,,5.225563959,,4.1797457,0.293333333,0.12,0.586666667,-0.293333333
Jordan Yamamoto,270,7.796859741,9.20245105,,8.786139859,,6.985345595,7.381324945,,4.9227552,0.342105263,0.157894737,0.5,-0.157894737
Kyle Hart,260,7.8853843,8.940242236,8.576319671,8.295273762,6.947872964,,,,4.549551,0.363636364,0.151515152,0.484848485,-0.121212121
Matt Hall,210,8.305910551,6.362409766,,,,10.08527204,12.19930258,,4.2634897,0.313432836,0.194029851,0.492537313,-0.179104478
Zac Grotz,202,8.858555187,,10.33462883,,,10.48616138,,7.911390079,4.483412,0.367924528,0.188679245,0.443396226,-0.075471698
